run_id,table_type,table_m,hash_name,data_n,phase,metric,value
0,chaining,200003,mod,100000,insert,time_ns,27190900
0,chaining,200003,mod,100000,insert,collisions,25358
0,chaining,200003,mod,100000,insert,memory_bytes,0
0,chaining,200003,mod,100000,search,time_ns,2879200
0,chaining,200003,mod,100000,structure,chain_top1,8
0,chaining,200003,mod,100000,structure,chain_top2,6
0,chaining,200003,mod,100000,structure,chain_top3,6
0,chaining,200003,mod,100000,gaps,min,0
0,chaining,200003,mod,100000,gaps,avg,1.548751736354484
0,chaining,200003,mod,100000,gaps,max,22
0,chaining,200003,mod,1000000,insert,time_ns,107437400
0,chaining,200003,mod,1000000,insert,collisions,2500976
0,chaining,200003,mod,1000000,insert,memory_bytes,9188744
0,chaining,200003,mod,1000000,search,time_ns,65924100
0,chaining,200003,mod,1000000,structure,chain_top1,19
0,chaining,200003,mod,1000000,structure,chain_top2,19
0,chaining,200003,mod,1000000,structure,chain_top3,17
0,chaining,200003,mod,1000000,gaps,min,0
0,chaining,200003,mod,1000000,gaps,avg,0.006826213465159128
0,chaining,200003,mod,1000000,gaps,max,2
0,chaining,200003,mod,10000000,insert,time_ns,15792963700
0,chaining,200003,mod,10000000,insert,collisions,250022012
0,chaining,200003,mod,10000000,insert,memory_bytes,84686224
0,chaining,200003,mod,10000000,search,time_ns,16370679400
0,chaining,200003,mod,10000000,structure,chain_top1,84
0,chaining,200003,mod,10000000,structure,chain_top2,83
0,chaining,200003,mod,10000000,structure,chain_top3,83
0,chaining,200003,mod,10000000,gaps,min,0
0,chaining,200003,mod,10000000,gaps,avg,0.0
0,chaining,200003,mod,10000000,gaps,max,0
1,chaining,200003,mul,100000,insert,time_ns,41077800
1,chaining,200003,mul,100000,insert,collisions,25009
1,chaining,200003,mul,100000,insert,memory_bytes,1600328
1,chaining,200003,mul,100000,search,time_ns,27497000
1,chaining,200003,mul,100000,structure,chain_top1,6
1,chaining,200003,mul,100000,structure,chain_top2,6
1,chaining,200003,mul,100000,structure,chain_top3,6
1,chaining,200003,mul,100000,gaps,min,0
1,chaining,200003,mul,100000,gaps,avg,1.5428146415267059
1,chaining,200003,mul,100000,gaps,max,21
1,chaining,200003,mul,1000000,insert,time_ns,263520300
1,chaining,200003,mul,1000000,insert,collisions,2501283
1,chaining,200003,mul,1000000,insert,memory_bytes,9188688
1,chaining,200003,mul,1000000,search,time_ns,212975600
1,chaining,200003,mul,1000000,structure,chain_top1,16
1,chaining,200003,mul,1000000,structure,chain_top2,16
1,chaining,200003,mul,1000000,structure,chain_top3,16
1,chaining,200003,mul,1000000,gaps,min,0
1,chaining,200003,mul,1000000,gaps,avg,0.006608317521352465
1,chaining,200003,mul,1000000,gaps,max,3
1,chaining,200003,mul,10000000,insert,time_ns,16181945900
1,chaining,200003,mul,10000000,insert,collisions,249992640
1,chaining,200003,mul,10000000,insert,memory_bytes,84686160
1,chaining,200003,mul,10000000,search,time_ns,18628154500
1,chaining,200003,mul,10000000,structure,chain_top1,85
1,chaining,200003,mul,10000000,structure,chain_top2,84
1,chaining,200003,mul,10000000,structure,chain_top3,83
1,chaining,200003,mul,10000000,gaps,min,0
1,chaining,200003,mul,10000000,gaps,avg,0.0
1,chaining,200003,mul,10000000,gaps,max,0
2,chaining,200003,mix,100000,insert,time_ns,13819800
2,chaining,200003,mix,100000,insert,collisions,25107
2,chaining,200003,mix,100000,insert,memory_bytes,1600112
2,chaining,200003,mix,100000,search,time_ns,4798600
2,chaining,200003,mix,100000,structure,chain_top1,5
2,chaining,200003,mix,100000,structure,chain_top2,5
2,chaining,200003,mix,100000,structure,chain_top3,5
2,chaining,200003,mix,100000,gaps,min,0
2,chaining,200003,mix,100000,gaps,avg,1.5415544146800182
2,chaining,200003,mix,100000,gaps,max,24
2,chaining,200003,mix,1000000,insert,time_ns,96313200
2,chaining,200003,mix,1000000,insert,collisions,2503203
2,chaining,200003,mix,1000000,insert,memory_bytes,9188688
2,chaining,200003,mix,1000000,search,time_ns,87146900
2,chaining,200003,mix,1000000,structure,chain_top1,17
2,chaining,200003,mix,1000000,structure,chain_top2,17
2,chaining,200003,mix,1000000,structure,chain_top3,17
2,chaining,200003,mix,1000000,gaps,min,0
2,chaining,200003,mix,1000000,gaps,avg,0.007323166186514092
2,chaining,200003,mix,1000000,gaps,max,3
2,chaining,200003,mix,10000000,insert,time_ns,13398800800
2,chaining,200003,mix,10000000,insert,collisions,250039485
2,chaining,200003,mix,10000000,insert,memory_bytes,84686160
2,chaining,200003,mix,10000000,search,time_ns,16277272400
2,chaining,200003,mix,10000000,structure,chain_top1,89
2,chaining,200003,mix,10000000,structure,chain_top2,87
2,chaining,200003,mix,10000000,structure,chain_top3,84
2,chaining,200003,mix,10000000,gaps,min,0
2,chaining,200003,mix,10000000,gaps,avg,0.0
2,chaining,200003,mix,10000000,gaps,max,0
3,linear,200003,mod,100000,insert,time_ns,15030000
3,linear,200003,mod,100000,insert,collisions,50385
3,linear,200003,mod,100000,insert,memory_bytes,1000768
3,linear,200003,mod,100000,search,time_ns,3782900
3,linear,200003,mod,100000,gaps,min,0
3,linear,200003,mod,100000,gaps,avg,1.00003
3,linear,200003,mod,100000,gaps,max,22
4,linear,200003,mul,100000,insert,time_ns,34631400
4,linear,200003,mul,100000,insert,collisions,50095
4,linear,200003,mul,100000,insert,memory_bytes,1000096
4,linear,200003,mul,100000,search,time_ns,22855500
4,linear,200003,mul,100000,gaps,min,0
4,linear,200003,mul,100000,gaps,avg,1.00003
4,linear,200003,mul,100000,gaps,max,21
5,linear,200003,mix,100000,insert,time_ns,23456700
5,linear,200003,mix,100000,insert,collisions,50578
5,linear,200003,mix,100000,insert,memory_bytes,1000096
5,linear,200003,mix,100000,search,time_ns,5316300
5,linear,200003,mix,100000,gaps,min,0
5,linear,200003,mix,100000,gaps,avg,1.00003
5,linear,200003,mix,100000,gaps,max,24
6,doublehash,200003,mod+dh,100000,insert,time_ns,22965300
6,doublehash,200003,mod+dh,100000,insert,collisions,38765
6,doublehash,200003,mod+dh,100000,insert,memory_bytes,1000432
6,doublehash,200003,mod+dh,100000,search,time_ns,14931100
6,doublehash,200003,mod+dh,100000,gaps,min,0
6,doublehash,200003,mod+dh,100000,gaps,avg,1.00003
6,doublehash,200003,mod+dh,100000,gaps,max,16
7,doublehash,200003,mul+dh,100000,insert,time_ns,24182800
7,doublehash,200003,mul+dh,100000,insert,collisions,38833
7,doublehash,200003,mul+dh,100000,insert,memory_bytes,1000096
7,doublehash,200003,mul+dh,100000,search,time_ns,22368800
7,doublehash,200003,mul+dh,100000,gaps,min,0
7,doublehash,200003,mul+dh,100000,gaps,avg,1.00003
7,doublehash,200003,mul+dh,100000,gaps,max,15
8,doublehash,200003,mix+dh,100000,insert,time_ns,8871700
8,doublehash,200003,mix+dh,100000,insert,collisions,38635
8,doublehash,200003,mix+dh,100000,insert,memory_bytes,1000096
8,doublehash,200003,mix+dh,100000,search,time_ns,5628900
8,doublehash,200003,mix+dh,100000,gaps,min,0
8,doublehash,200003,mix+dh,100000,gaps,avg,1.00003
8,doublehash,200003,mix+dh,100000,gaps,max,18
9,chaining,2000003,mod,100000,insert,time_ns,6433500
9,chaining,2000003,mod,100000,insert,collisions,2536
9,chaining,2000003,mod,100000,insert,memory_bytes,9188688
9,chaining,2000003,mod,100000,search,time_ns,8902100
9,chaining,2000003,mod,100000,structure,chain_top1,3
9,chaining,2000003,mod,100000,structure,chain_top2,3
9,chaining,2000003,mod,100000,structure,chain_top3,3
9,chaining,2000003,mod,100000,gaps,min,0
9,chaining,2000003,mod,100000,gaps,avg,19.51158926813259
9,chaining,2000003,mod,100000,gaps,max,238
9,chaining,2000003,mod,1000000,insert,time_ns,51658400
9,chaining,2000003,mod,1000000,insert,collisions,250384
9,chaining,2000003,mod,1000000,insert,memory_bytes,16777264
9,chaining,2000003,mod,1000000,search,time_ns,64859800
9,chaining,2000003,mod,1000000,structure,chain_top1,7
9,chaining,2000003,mod,1000000,structure,chain_top2,7
9,chaining,2000003,mod,1000000,structure,chain_top3,7
9,chaining,2000003,mod,1000000,gaps,min,0
9,chaining,2000003,mod,1000000,gaps,avg,1.5422179569475605
9,chaining,2000003,mod,1000000,gaps,max,26
9,chaining,2000003,mod,10000000,insert,time_ns,1432814200
9,chaining,2000003,mod,10000000,insert,collisions,25005586
9,chaining,2000003,mod,10000000,insert,memory_bytes,92274736
9,chaining,2000003,mod,10000000,search,time_ns,1752955100
9,chaining,2000003,mod,10000000,structure,chain_top1,19
9,chaining,2000003,mod,10000000,structure,chain_top2,19
9,chaining,2000003,mod,10000000,structure,chain_top3,18
9,chaining,2000003,mod,10000000,gaps,min,0
9,chaining,2000003,mod,10000000,gaps,avg,0.006748736782654131
9,chaining,2000003,mod,10000000,gaps,max,2
10,chaining,2000003,mul,100000,insert,time_ns,41911200
10,chaining,2000003,mul,100000,insert,collisions,2444
10,chaining,2000003,mul,100000,insert,memory_bytes,9188688
10,chaining,2000003,mul,100000,search,time_ns,38989100
10,chaining,2000003,mul,100000,structure,chain_top1,3
10,chaining,2000003,mul,100000,structure,chain_top2,3
10,chaining,2000003,mul,100000,structure,chain_top3,3
10,chaining,2000003,mul,100000,gaps,min,0
10,chaining,2000003,mul,100000,gaps,avg,19.49313468317075
10,chaining,2000003,mul,100000,gaps,max,228
10,chaining,2000003,mul,1000000,insert,time_ns,234708100
10,chaining,2000003,mul,1000000,insert,collisions,250025
10,chaining,2000003,mul,1000000,insert,memory_bytes,16777264
10,chaining,2000003,mul,1000000,search,time_ns,215001300
10,chaining,2000003,mul,1000000,structure,chain_top1,6
10,chaining,2000003,mul,1000000,structure,chain_top2,6
10,chaining,2000003,mul,1000000,structure,chain_top3,6
10,chaining,2000003,mul,1000000,gaps,min,0
10,chaining,2000003,mul,1000000,gaps,avg,1.5406007253418696
10,chaining,2000003,mul,1000000,gaps,max,33
10,chaining,2000003,mul,10000000,insert,time_ns,3601113200
10,chaining,2000003,mul,10000000,insert,collisions,25040709
10,chaining,2000003,mul,10000000,insert,memory_bytes,92274736
10,chaining,2000003,mul,10000000,search,time_ns,4016060500
10,chaining,2000003,mul,10000000,structure,chain_top1,19
10,chaining,2000003,mul,10000000,structure,chain_top2,19
10,chaining,2000003,mul,10000000,structure,chain_top3,19
10,chaining,2000003,mul,10000000,gaps,min,0
10,chaining,2000003,mul,10000000,gaps,avg,0.006855673424675189
10,chaining,2000003,mul,10000000,gaps,max,3
11,chaining,2000003,mix,100000,insert,time_ns,19520800
11,chaining,2000003,mix,100000,insert,collisions,2488
11,chaining,2000003,mix,100000,insert,memory_bytes,9188688
11,chaining,2000003,mix,100000,search,time_ns,7168300
11,chaining,2000003,mix,100000,structure,chain_top1,3
11,chaining,2000003,mix,100000,structure,chain_top2,3
11,chaining,2000003,mix,100000,structure,chain_top3,3
11,chaining,2000003,mix,100000,gaps,min,0
11,chaining,2000003,mix,100000,gaps,avg,19.50356253139641
11,chaining,2000003,mix,100000,gaps,max,215
11,chaining,2000003,mix,1000000,insert,time_ns,67921200
11,chaining,2000003,mix,1000000,insert,collisions,250634
11,chaining,2000003,mix,1000000,insert,memory_bytes,16777264
11,chaining,2000003,mix,1000000,search,time_ns,56838500
11,chaining,2000003,mix,1000000,structure,chain_top1,7
11,chaining,2000003,mix,1000000,structure,chain_top2,7
11,chaining,2000003,mix,1000000,structure,chain_top3,7
11,chaining,2000003,mix,1000000,gaps,min,0
11,chaining,2000003,mix,1000000,gaps,avg,1.5427997482629507
11,chaining,2000003,mix,1000000,gaps,max,31
11,chaining,2000003,mix,10000000,insert,time_ns,1407864800
11,chaining,2000003,mix,10000000,insert,collisions,25016336
11,chaining,2000003,mix,10000000,insert,memory_bytes,92274736
11,chaining,2000003,mix,10000000,search,time_ns,1505590800
11,chaining,2000003,mix,10000000,structure,chain_top1,20
11,chaining,2000003,mix,10000000,structure,chain_top2,19
11,chaining,2000003,mix,10000000,structure,chain_top3,19
11,chaining,2000003,mix,10000000,gaps,min,0
11,chaining,2000003,mix,10000000,gaps,avg,0.0068952149846070974
11,chaining,2000003,mix,10000000,gaps,max,2
12,linear,2000003,mod,100000,insert,time_ns,18538100
12,linear,2000003,mod,100000,insert,collisions,2670
12,linear,2000003,mod,100000,insert,memory_bytes,10388672
12,linear,2000003,mod,100000,search,time_ns,1804600
12,linear,2000003,mod,100000,gaps,min,0
12,linear,2000003,mod,100000,gaps,avg,19.00003
12,linear,2000003,mod,100000,gaps,max,238
12,linear,2000003,mod,1000000,insert,time_ns,42709600
12,linear,2000003,mod,1000000,insert,collisions,503560
12,linear,2000003,mod,1000000,insert,memory_bytes,10388672
12,linear,2000003,mod,1000000,search,time_ns,21822600
12,linear,2000003,mod,1000000,gaps,min,0
12,linear,2000003,mod,1000000,gaps,avg,1.000003
12,linear,2000003,mod,1000000,gaps,max,26
13,linear,2000003,mul,100000,insert,time_ns,24170800
13,linear,2000003,mul,100000,insert,collisions,2585
13,linear,2000003,mul,100000,insert,memory_bytes,10388672
13,linear,2000003,mul,100000,search,time_ns,24088500
13,linear,2000003,mul,100000,gaps,min,0
13,linear,2000003,mul,100000,gaps,avg,19.00003
13,linear,2000003,mul,100000,gaps,max,228
13,linear,2000003,mul,1000000,insert,time_ns,220319100
13,linear,2000003,mul,1000000,insert,collisions,502132
13,linear,2000003,mul,1000000,insert,memory_bytes,10388672
13,linear,2000003,mul,1000000,search,time_ns,178640000
13,linear,2000003,mul,1000000,gaps,min,0
13,linear,2000003,mul,1000000,gaps,avg,1.000003
13,linear,2000003,mul,1000000,gaps,max,32
14,linear,2000003,mix,100000,insert,time_ns,6626600
14,linear,2000003,mix,100000,insert,collisions,2605
14,linear,2000003,mix,100000,insert,memory_bytes,10388672
14,linear,2000003,mix,100000,search,time_ns,5994800
14,linear,2000003,mix,100000,gaps,min,0
14,linear,2000003,mix,100000,gaps,avg,19.00003
14,linear,2000003,mix,100000,gaps,max,215
14,linear,2000003,mix,1000000,insert,time_ns,60632800
14,linear,2000003,mix,1000000,insert,collisions,500352
14,linear,2000003,mix,1000000,insert,memory_bytes,10388672
14,linear,2000003,mix,1000000,search,time_ns,36245300
14,linear,2000003,mix,1000000,gaps,min,0
14,linear,2000003,mix,1000000,gaps,avg,1.000003
14,linear,2000003,mix,1000000,gaps,max,31
15,doublehash,2000003,mod+dh,100000,insert,time_ns,19545700
15,doublehash,2000003,mod+dh,100000,insert,collisions,2622
15,doublehash,2000003,mod+dh,100000,insert,memory_bytes,10389320
15,doublehash,2000003,mod+dh,100000,search,time_ns,5209400
15,doublehash,2000003,mod+dh,100000,gaps,min,0
15,doublehash,2000003,mod+dh,100000,gaps,avg,19.00003
15,doublehash,2000003,mod+dh,100000,gaps,max,237
15,doublehash,2000003,mod+dh,1000000,insert,time_ns,99411100
15,doublehash,2000003,mod+dh,1000000,insert,collisions,386243
15,doublehash,2000003,mod+dh,1000000,insert,memory_bytes,10388672
15,doublehash,2000003,mod+dh,1000000,search,time_ns,35537400
15,doublehash,2000003,mod+dh,1000000,gaps,min,0
15,doublehash,2000003,mod+dh,1000000,gaps,avg,1.000003
15,doublehash,2000003,mod+dh,1000000,gaps,max,21
16,doublehash,2000003,mul+dh,100000,insert,time_ns,28591200
16,doublehash,2000003,mul+dh,100000,insert,collisions,2543
16,doublehash,2000003,mul+dh,100000,insert,memory_bytes,10388672
16,doublehash,2000003,mul+dh,100000,search,time_ns,18795300
16,doublehash,2000003,mul+dh,100000,gaps,min,0
16,doublehash,2000003,mul+dh,100000,gaps,avg,19.00003
16,doublehash,2000003,mul+dh,100000,gaps,max,228
16,doublehash,2000003,mul+dh,1000000,insert,time_ns,210401500
16,doublehash,2000003,mul+dh,1000000,insert,collisions,385796
16,doublehash,2000003,mul+dh,1000000,insert,memory_bytes,10388672
16,doublehash,2000003,mul+dh,1000000,search,time_ns,173147200
16,doublehash,2000003,mul+dh,1000000,gaps,min,0
16,doublehash,2000003,mul+dh,1000000,gaps,avg,1.000003
16,doublehash,2000003,mul+dh,1000000,gaps,max,21
17,doublehash,2000003,mix+dh,100000,insert,time_ns,7454300
17,doublehash,2000003,mix+dh,100000,insert,collisions,2566
17,doublehash,2000003,mix+dh,100000,insert,memory_bytes,10388672
17,doublehash,2000003,mix+dh,100000,search,time_ns,5479000
17,doublehash,2000003,mix+dh,100000,gaps,min,0
17,doublehash,2000003,mix+dh,100000,gaps,avg,19.00003
17,doublehash,2000003,mix+dh,100000,gaps,max,215
17,doublehash,2000003,mix+dh,1000000,insert,time_ns,96083500
17,doublehash,2000003,mix+dh,1000000,insert,collisions,387110
17,doublehash,2000003,mix+dh,1000000,insert,memory_bytes,10388672
17,doublehash,2000003,mix+dh,1000000,search,time_ns,84774800
17,doublehash,2000003,mix+dh,1000000,gaps,min,0
17,doublehash,2000003,mix+dh,1000000,gaps,avg,1.000003
17,doublehash,2000003,mix+dh,1000000,gaps,max,24
18,chaining,20000027,mod,100000,insert,time_ns,10957000
18,chaining,20000027,mod,100000,insert,collisions,233
18,chaining,20000027,mod,100000,insert,memory_bytes,84686160
18,chaining,20000027,mod,100000,search,time_ns,4606100
18,chaining,20000027,mod,100000,structure,chain_top1,2
18,chaining,20000027,mod,100000,structure,chain_top2,2
18,chaining,20000027,mod,100000,structure,chain_top3,2
18,chaining,20000027,mod,100000,gaps,min,0
18,chaining,20000027,mod,100000,gaps,avg,199.4614497925145
18,chaining,20000027,mod,100000,gaps,max,2469
18,chaining,20000027,mod,1000000,insert,time_ns,59634100
18,chaining,20000027,mod,1000000,insert,collisions,25145
18,chaining,20000027,mod,1000000,insert,memory_bytes,92274736
18,chaining,20000027,mod,1000000,search,time_ns,43634300
18,chaining,20000027,mod,1000000,structure,chain_top1,4
18,chaining,20000027,mod,1000000,structure,chain_top2,4
18,chaining,20000027,mod,1000000,structure,chain_top3,4
18,chaining,20000027,mod,1000000,gaps,min,0
18,chaining,20000027,mod,1000000,gaps,avg,19.506046208329145
18,chaining,20000027,mod,1000000,gaps,max,297
18,chaining,20000027,mod,10000000,insert,time_ns,647331500
18,chaining,20000027,mod,10000000,insert,collisions,2496669
18,chaining,20000027,mod,10000000,insert,memory_bytes,167772208
18,chaining,20000027,mod,10000000,search,time_ns,593288400
18,chaining,20000027,mod,10000000,structure,chain_top1,7
18,chaining,20000027,mod,10000000,structure,chain_top2,7
18,chaining,20000027,mod,10000000,structure,chain_top3,7
18,chaining,20000027,mod,10000000,gaps,min,0
18,chaining,20000027,mod,10000000,gaps,avg,1.5408577696860024
18,chaining,20000027,mod,10000000,gaps,max,32
19,chaining,20000027,mul,100000,insert,time_ns,25076500
19,chaining,20000027,mul,100000,insert,collisions,274
19,chaining,20000027,mul,100000,insert,memory_bytes,84686160
19,chaining,20000027,mul,100000,search,time_ns,21133800
19,chaining,20000027,mul,100000,structure,chain_top1,3
19,chaining,20000027,mul,100000,structure,chain_top2,3
19,chaining,20000027,mul,100000,structure,chain_top3,2
19,chaining,20000027,mul,100000,gaps,min,0
19,chaining,20000027,mul,100000,gaps,avg,199.5440452435148
19,chaining,20000027,mul,100000,gaps,max,2293
19,chaining,20000027,mul,1000000,insert,time_ns,207293600
19,chaining,20000027,mul,1000000,insert,collisions,27559
19,chaining,20000027,mul,1000000,insert,memory_bytes,92274736
19,chaining,20000027,mul,1000000,search,time_ns,197557100
19,chaining,20000027,mul,1000000,structure,chain_top1,4
19,chaining,20000027,mul,1000000,structure,chain_top2,4
19,chaining,20000027,mul,1000000,structure,chain_top3,4
19,chaining,20000027,mul,1000000,gaps,min,0
19,chaining,20000027,mul,1000000,gaps,avg,19.55579925608529
19,chaining,20000027,mul,1000000,gaps,max,338
19,chaining,20000027,mul,10000000,insert,time_ns,2228876000
19,chaining,20000027,mul,10000000,insert,collisions,2774937
19,chaining,20000027,mul,10000000,insert,memory_bytes,167772208
19,chaining,20000027,mul,10000000,search,time_ns,2352822400
19,chaining,20000027,mul,10000000,structure,chain_top1,9
19,chaining,20000027,mul,10000000,structure,chain_top2,8
19,chaining,20000027,mul,10000000,structure,chain_top3,8
19,chaining,20000027,mul,10000000,gaps,min,0
19,chaining,20000027,mul,10000000,gaps,avg,1.5999803181696575
19,chaining,20000027,mul,10000000,gaps,max,34
20,chaining,20000027,mix,100000,insert,time_ns,11490800
20,chaining,20000027,mix,100000,insert,collisions,253
20,chaining,20000027,mix,100000,insert,memory_bytes,82589056
20,chaining,20000027,mix,100000,search,time_ns,9615900
20,chaining,20000027,mix,100000,structure,chain_top1,3
20,chaining,20000027,mix,100000,structure,chain_top2,2
20,chaining,20000027,mix,100000,structure,chain_top3,2
20,chaining,20000027,mix,100000,gaps,min,0
20,chaining,20000027,mix,100000,gaps,avg,199.50058648380403
20,chaining,20000027,mix,100000,gaps,max,2157
20,chaining,20000027,mix,1000000,insert,time_ns,69176800
20,chaining,20000027,mix,1000000,insert,collisions,25455
20,chaining,20000027,mix,1000000,insert,memory_bytes,92274736
20,chaining,20000027,mix,1000000,search,time_ns,52419400
20,chaining,20000027,mix,1000000,structure,chain_top1,4
20,chaining,20000027,mix,1000000,structure,chain_top2,3
20,chaining,20000027,mix,1000000,structure,chain_top3,3
20,chaining,20000027,mix,1000000,gaps,min,0
20,chaining,20000027,mix,1000000,gaps,avg,19.513079135332948
20,chaining,20000027,mix,1000000,gaps,max,284
20,chaining,20000027,mix,10000000,insert,time_ns,671016400
20,chaining,20000027,mix,10000000,insert,collisions,2533599
20,chaining,20000027,mix,10000000,insert,memory_bytes,167772208
20,chaining,20000027,mix,10000000,search,time_ns,618907500
20,chaining,20000027,mix,10000000,structure,chain_top1,8
20,chaining,20000027,mix,10000000,structure,chain_top2,7
20,chaining,20000027,mix,10000000,structure,chain_top3,7
20,chaining,20000027,mix,10000000,gaps,min,0
20,chaining,20000027,mix,10000000,gaps,avg,1.5480913418257713
20,chaining,20000027,mix,10000000,gaps,max,31
21,linear,20000027,mod,100000,insert,time_ns,11680400
21,linear,20000027,mod,100000,insert,collisions,234
21,linear,20000027,mod,100000,insert,memory_bytes,104857640
21,linear,20000027,mod,100000,search,time_ns,2426200
21,linear,20000027,mod,100000,gaps,min,0
21,linear,20000027,mod,100000,gaps,avg,199.00027
21,linear,20000027,mod,100000,gaps,max,2469
21,linear,20000027,mod,1000000,insert,time_ns,60650500
21,linear,20000027,mod,1000000,insert,collisions,26455
21,linear,20000027,mod,1000000,insert,memory_bytes,104857640
21,linear,20000027,mod,1000000,search,time_ns,28334500
21,linear,20000027,mod,1000000,gaps,min,0
21,linear,20000027,mod,1000000,gaps,avg,19.000027
21,linear,20000027,mod,1000000,gaps,max,297
21,linear,20000027,mod,10000000,insert,time_ns,635704800
21,linear,20000027,mod,10000000,insert,collisions,4995786
21,linear,20000027,mod,10000000,insert,memory_bytes,104857640
21,linear,20000027,mod,10000000,search,time_ns,341180900
21,linear,20000027,mod,10000000,gaps,min,0
21,linear,20000027,mod,10000000,gaps,avg,1.0000027
21,linear,20000027,mod,10000000,gaps,max,31
22,linear,20000027,mul,100000,insert,time_ns,29470200
22,linear,20000027,mul,100000,insert,collisions,278
22,linear,20000027,mul,100000,insert,memory_bytes,104857640
22,linear,20000027,mul,100000,search,time_ns,27046800
22,linear,20000027,mul,100000,gaps,min,0
22,linear,20000027,mul,100000,gaps,avg,199.00027
22,linear,20000027,mul,100000,gaps,max,2293
22,linear,20000027,mul,1000000,insert,time_ns,209967300
22,linear,20000027,mul,1000000,insert,collisions,28937
22,linear,20000027,mul,1000000,insert,memory_bytes,104857640
22,linear,20000027,mul,1000000,search,time_ns,206844700
22,linear,20000027,mul,1000000,gaps,min,0
22,linear,20000027,mul,1000000,gaps,avg,19.000027
22,linear,20000027,mul,1000000,gaps,max,338
22,linear,20000027,mul,10000000,insert,time_ns,2154154200
22,linear,20000027,mul,10000000,insert,collisions,5304797
22,linear,20000027,mul,10000000,insert,memory_bytes,104857640
22,linear,20000027,mul,10000000,search,time_ns,2089965800
22,linear,20000027,mul,10000000,gaps,min,0
22,linear,20000027,mul,10000000,gaps,avg,1.0000027
22,linear,20000027,mul,10000000,gaps,max,34
23,linear,20000027,mix,100000,insert,time_ns,10288200
23,linear,20000027,mix,100000,insert,collisions,253
23,linear,20000027,mix,100000,insert,memory_bytes,104857640
23,linear,20000027,mix,100000,search,time_ns,6886800
23,linear,20000027,mix,100000,gaps,min,0
23,linear,20000027,mix,100000,gaps,avg,199.00027
23,linear,20000027,mix,100000,gaps,max,2157
23,linear,20000027,mix,1000000,insert,time_ns,61112500
23,linear,20000027,mix,1000000,insert,collisions,26741
23,linear,20000027,mix,1000000,insert,memory_bytes,104857640
23,linear,20000027,mix,1000000,search,time_ns,50229700
23,linear,20000027,mix,1000000,gaps,min,0
23,linear,20000027,mix,1000000,gaps,avg,19.000027
23,linear,20000027,mix,1000000,gaps,max,284
23,linear,20000027,mix,10000000,insert,time_ns,626295100
23,linear,20000027,mix,10000000,insert,collisions,5037502
23,linear,20000027,mix,10000000,insert,memory_bytes,104857640
23,linear,20000027,mix,10000000,search,time_ns,607543900
23,linear,20000027,mix,10000000,gaps,min,0
23,linear,20000027,mix,10000000,gaps,avg,1.0000027
23,linear,20000027,mix,10000000,gaps,max,31
24,doublehash,20000027,mod+dh,100000,insert,time_ns,10169500
24,doublehash,20000027,mod+dh,100000,insert,collisions,236
24,doublehash,20000027,mod+dh,100000,insert,memory_bytes,104857640
24,doublehash,20000027,mod+dh,100000,search,time_ns,4590900
24,doublehash,20000027,mod+dh,100000,gaps,min,0
24,doublehash,20000027,mod+dh,100000,gaps,avg,199.00027
24,doublehash,20000027,mod+dh,100000,gaps,max,2469
24,doublehash,20000027,mod+dh,1000000,insert,time_ns,62474300
24,doublehash,20000027,mod+dh,1000000,insert,collisions,25943
24,doublehash,20000027,mod+dh,1000000,insert,memory_bytes,104857640
24,doublehash,20000027,mod+dh,1000000,search,time_ns,40224800
24,doublehash,20000027,mod+dh,1000000,gaps,min,0
24,doublehash,20000027,mod+dh,1000000,gaps,avg,19.000027
24,doublehash,20000027,mod+dh,1000000,gaps,max,281
24,doublehash,20000027,mod+dh,10000000,insert,time_ns,759003300
24,doublehash,20000027,mod+dh,10000000,insert,collisions,3867562
24,doublehash,20000027,mod+dh,10000000,insert,memory_bytes,104857640
24,doublehash,20000027,mod+dh,10000000,search,time_ns,646007900
24,doublehash,20000027,mod+dh,10000000,gaps,min,0
24,doublehash,20000027,mod+dh,10000000,gaps,avg,1.0000027
24,doublehash,20000027,mod+dh,10000000,gaps,max,23
25,doublehash,20000027,mul+dh,100000,insert,time_ns,29433400
25,doublehash,20000027,mul+dh,100000,insert,collisions,272
25,doublehash,20000027,mul+dh,100000,insert,memory_bytes,104857640
25,doublehash,20000027,mul+dh,100000,search,time_ns,44788500
25,doublehash,20000027,mul+dh,100000,gaps,min,0
25,doublehash,20000027,mul+dh,100000,gaps,avg,199.00027
25,doublehash,20000027,mul+dh,100000,gaps,max,2293
25,doublehash,20000027,mul+dh,1000000,insert,time_ns,229110400
25,doublehash,20000027,mul+dh,1000000,insert,collisions,28496
25,doublehash,20000027,mul+dh,1000000,insert,memory_bytes,104857640
25,doublehash,20000027,mul+dh,1000000,search,time_ns,210486300
25,doublehash,20000027,mul+dh,1000000,gaps,min,0
25,doublehash,20000027,mul+dh,1000000,gaps,avg,19.000027
25,doublehash,20000027,mul+dh,1000000,gaps,max,338
25,doublehash,20000027,mul+dh,10000000,insert,time_ns,2347070300
25,doublehash,20000027,mul+dh,10000000,insert,collisions,4162035
25,doublehash,20000027,mul+dh,10000000,insert,memory_bytes,104857640
25,doublehash,20000027,mul+dh,10000000,search,time_ns,2271723800
25,doublehash,20000027,mul+dh,10000000,gaps,min,0
25,doublehash,20000027,mul+dh,10000000,gaps,avg,1.0000027
25,doublehash,20000027,mul+dh,10000000,gaps,max,22
26,doublehash,20000027,mix+dh,100000,insert,time_ns,12432500
26,doublehash,20000027,mix+dh,100000,insert,collisions,253
26,doublehash,20000027,mix+dh,100000,insert,memory_bytes,104857640
26,doublehash,20000027,mix+dh,100000,search,time_ns,6005400
26,doublehash,20000027,mix+dh,100000,gaps,min,0
26,doublehash,20000027,mix+dh,100000,gaps,avg,199.00027
26,doublehash,20000027,mix+dh,100000,gaps,max,2157
26,doublehash,20000027,mix+dh,1000000,insert,time_ns,64013900
26,doublehash,20000027,mix+dh,1000000,insert,collisions,26280
26,doublehash,20000027,mix+dh,1000000,insert,memory_bytes,104857640
26,doublehash,20000027,mix+dh,1000000,search,time_ns,53752100
26,doublehash,20000027,mix+dh,1000000,gaps,min,0
26,doublehash,20000027,mix+dh,1000000,gaps,avg,19.000027
26,doublehash,20000027,mix+dh,1000000,gaps,max,284
26,doublehash,20000027,mix+dh,10000000,insert,time_ns,791098600
26,doublehash,20000027,mix+dh,10000000,insert,collisions,3907872
26,doublehash,20000027,mix+dh,10000000,insert,memory_bytes,104857640
26,doublehash,20000027,mix+dh,10000000,search,time_ns,764605100
26,doublehash,20000027,mix+dh,10000000,gaps,min,0
26,doublehash,20000027,mix+dh,10000000,gaps,avg,1.0000027
26,doublehash,20000027,mix+dh,10000000,gaps,max,21
27,chaining,200003,mod,100000,insert,time_ns,6148700
27,chaining,200003,mod,100000,insert,collisions,25358
27,chaining,200003,mod,100000,insert,memory_bytes,1600112
27,chaining,200003,mod,100000,search,time_ns,4194800
27,chaining,200003,mod,100000,structure,chain_top1,8
27,chaining,200003,mod,100000,structure,chain_top2,6
27,chaining,200003,mod,100000,structure,chain_top3,6
27,chaining,200003,mod,100000,gaps,min,0
27,chaining,200003,mod,100000,gaps,avg,1.548751736354484
27,chaining,200003,mod,100000,gaps,max,22
27,chaining,200003,mod,1000000,insert,time_ns,59609800
27,chaining,200003,mod,1000000,insert,collisions,2500976
27,chaining,200003,mod,1000000,insert,memory_bytes,9188688
27,chaining,200003,mod,1000000,search,time_ns,62094900
27,chaining,200003,mod,1000000,structure,chain_top1,19
27,chaining,200003,mod,1000000,structure,chain_top2,19
27,chaining,200003,mod,1000000,structure,chain_top3,17
27,chaining,200003,mod,1000000,gaps,min,0
27,chaining,200003,mod,1000000,gaps,avg,0.006826213465159128
27,chaining,200003,mod,1000000,gaps,max,2
27,chaining,200003,mod,10000000,insert,time_ns,13508467200
27,chaining,200003,mod,10000000,insert,collisions,250022012
27,chaining,200003,mod,10000000,insert,memory_bytes,84686160
27,chaining,200003,mod,10000000,search,time_ns,16392419700
27,chaining,200003,mod,10000000,structure,chain_top1,84
27,chaining,200003,mod,10000000,structure,chain_top2,83
27,chaining,200003,mod,10000000,structure,chain_top3,83
27,chaining,200003,mod,10000000,gaps,min,0
27,chaining,200003,mod,10000000,gaps,avg,0.0
27,chaining,200003,mod,10000000,gaps,max,0
28,chaining,200003,mul,100000,insert,time_ns,35400000
28,chaining,200003,mul,100000,insert,collisions,25009
28,chaining,200003,mul,100000,insert,memory_bytes,1600112
28,chaining,200003,mul,100000,search,time_ns,15552200
28,chaining,200003,mul,100000,structure,chain_top1,6
28,chaining,200003,mul,100000,structure,chain_top2,6
28,chaining,200003,mul,100000,structure,chain_top3,6
28,chaining,200003,mul,100000,gaps,min,0
28,chaining,200003,mul,100000,gaps,avg,1.5428146415267059
28,chaining,200003,mul,100000,gaps,max,21
28,chaining,200003,mul,1000000,insert,time_ns,240183700
28,chaining,200003,mul,1000000,insert,collisions,2501283
28,chaining,200003,mul,1000000,insert,memory_bytes,9188688
28,chaining,200003,mul,1000000,search,time_ns,253870600
28,chaining,200003,mul,1000000,structure,chain_top1,16
28,chaining,200003,mul,1000000,structure,chain_top2,16
28,chaining,200003,mul,1000000,structure,chain_top3,16
28,chaining,200003,mul,1000000,gaps,min,0
28,chaining,200003,mul,1000000,gaps,avg,0.006608317521352465
28,chaining,200003,mul,1000000,gaps,max,3
28,chaining,200003,mul,10000000,insert,time_ns,15808365000
28,chaining,200003,mul,10000000,insert,collisions,249992640
28,chaining,200003,mul,10000000,insert,memory_bytes,84686160
28,chaining,200003,mul,10000000,search,time_ns,18796118400
28,chaining,200003,mul,10000000,structure,chain_top1,85
28,chaining,200003,mul,10000000,structure,chain_top2,84
28,chaining,200003,mul,10000000,structure,chain_top3,83
28,chaining,200003,mul,10000000,gaps,min,0
28,chaining,200003,mul,10000000,gaps,avg,0.0
28,chaining,200003,mul,10000000,gaps,max,0
29,chaining,200003,mix,100000,insert,time_ns,5691100
29,chaining,200003,mix,100000,insert,collisions,25107
29,chaining,200003,mix,100000,insert,memory_bytes,1600112
29,chaining,200003,mix,100000,search,time_ns,6382100
29,chaining,200003,mix,100000,structure,chain_top1,5
29,chaining,200003,mix,100000,structure,chain_top2,5
29,chaining,200003,mix,100000,structure,chain_top3,5
29,chaining,200003,mix,100000,gaps,min,0
29,chaining,200003,mix,100000,gaps,avg,1.5415544146800182
29,chaining,200003,mix,100000,gaps,max,24
29,chaining,200003,mix,1000000,insert,time_ns,66370800
29,chaining,200003,mix,1000000,insert,collisions,2503203
29,chaining,200003,mix,1000000,insert,memory_bytes,9188688
29,chaining,200003,mix,1000000,search,time_ns,60796400
29,chaining,200003,mix,1000000,structure,chain_top1,17
29,chaining,200003,mix,1000000,structure,chain_top2,17
29,chaining,200003,mix,1000000,structure,chain_top3,17
29,chaining,200003,mix,1000000,gaps,min,0
29,chaining,200003,mix,1000000,gaps,avg,0.007323166186514092
29,chaining,200003,mix,1000000,gaps,max,3
29,chaining,200003,mix,10000000,insert,time_ns,13653050500
29,chaining,200003,mix,10000000,insert,collisions,250039485
29,chaining,200003,mix,10000000,insert,memory_bytes,84686160
29,chaining,200003,mix,10000000,search,time_ns,16333831300
29,chaining,200003,mix,10000000,structure,chain_top1,89
29,chaining,200003,mix,10000000,structure,chain_top2,87
29,chaining,200003,mix,10000000,structure,chain_top3,84
29,chaining,200003,mix,10000000,gaps,min,0
29,chaining,200003,mix,10000000,gaps,avg,0.0
29,chaining,200003,mix,10000000,gaps,max,0
30,linear,200003,mod,100000,insert,time_ns,10108700
30,linear,200003,mod,100000,insert,collisions,50385
30,linear,200003,mod,100000,insert,memory_bytes,1000096
30,linear,200003,mod,100000,search,time_ns,2462000
30,linear,200003,mod,100000,gaps,min,0
30,linear,200003,mod,100000,gaps,avg,1.00003
30,linear,200003,mod,100000,gaps,max,22
31,linear,200003,mul,100000,insert,time_ns,18771700
31,linear,200003,mul,100000,insert,collisions,50095
31,linear,200003,mul,100000,insert,memory_bytes,1000096
31,linear,200003,mul,100000,search,time_ns,16139400
31,linear,200003,mul,100000,gaps,min,0
31,linear,200003,mul,100000,gaps,avg,1.00003
31,linear,200003,mul,100000,gaps,max,21
32,linear,200003,mix,100000,insert,time_ns,6380300
32,linear,200003,mix,100000,insert,collisions,50578
32,linear,200003,mix,100000,insert,memory_bytes,1000096
32,linear,200003,mix,100000,search,time_ns,2627500
32,linear,200003,mix,100000,gaps,min,0
32,linear,200003,mix,100000,gaps,avg,1.00003
32,linear,200003,mix,100000,gaps,max,24
33,doublehash,200003,mod+dh,100000,insert,time_ns,7913000
33,doublehash,200003,mod+dh,100000,insert,collisions,38765
33,doublehash,200003,mod+dh,100000,insert,memory_bytes,1000096
33,doublehash,200003,mod+dh,100000,search,time_ns,3984400
33,doublehash,200003,mod+dh,100000,gaps,min,0
33,doublehash,200003,mod+dh,100000,gaps,avg,1.00003
33,doublehash,200003,mod+dh,100000,gaps,max,16
34,doublehash,200003,mul+dh,100000,insert,time_ns,30903000
34,doublehash,200003,mul+dh,100000,insert,collisions,38833
34,doublehash,200003,mul+dh,100000,insert,memory_bytes,1000096
34,doublehash,200003,mul+dh,100000,search,time_ns,16389300
34,doublehash,200003,mul+dh,100000,gaps,min,0
34,doublehash,200003,mul+dh,100000,gaps,avg,1.00003
34,doublehash,200003,mul+dh,100000,gaps,max,15
35,doublehash,200003,mix+dh,100000,insert,time_ns,6294500
35,doublehash,200003,mix+dh,100000,insert,collisions,38635
35,doublehash,200003,mix+dh,100000,insert,memory_bytes,1000096
35,doublehash,200003,mix+dh,100000,search,time_ns,5413700
35,doublehash,200003,mix+dh,100000,gaps,min,0
35,doublehash,200003,mix+dh,100000,gaps,avg,1.00003
35,doublehash,200003,mix+dh,100000,gaps,max,18
36,chaining,2000003,mod,100000,insert,time_ns,12143300
36,chaining,2000003,mod,100000,insert,collisions,2536
36,chaining,2000003,mod,100000,insert,memory_bytes,9188688
36,chaining,2000003,mod,100000,search,time_ns,8123400
36,chaining,2000003,mod,100000,structure,chain_top1,3
36,chaining,2000003,mod,100000,structure,chain_top2,3
36,chaining,2000003,mod,100000,structure,chain_top3,3
36,chaining,2000003,mod,100000,gaps,min,0
36,chaining,2000003,mod,100000,gaps,avg,19.51158926813259
36,chaining,2000003,mod,100000,gaps,max,238
36,chaining,2000003,mod,1000000,insert,time_ns,52023400
36,chaining,2000003,mod,1000000,insert,collisions,250384
36,chaining,2000003,mod,1000000,insert,memory_bytes,16777392
36,chaining,2000003,mod,1000000,search,time_ns,41393700
36,chaining,2000003,mod,1000000,structure,chain_top1,7
36,chaining,2000003,mod,1000000,structure,chain_top2,7
36,chaining,2000003,mod,1000000,structure,chain_top3,7
36,chaining,2000003,mod,1000000,gaps,min,0
36,chaining,2000003,mod,1000000,gaps,avg,1.5422179569475605
36,chaining,2000003,mod,1000000,gaps,max,26
36,chaining,2000003,mod,10000000,insert,time_ns,1467256300
36,chaining,2000003,mod,10000000,insert,collisions,25005586
36,chaining,2000003,mod,10000000,insert,memory_bytes,92274736
36,chaining,2000003,mod,10000000,search,time_ns,1666791400
36,chaining,2000003,mod,10000000,structure,chain_top1,19
36,chaining,2000003,mod,10000000,structure,chain_top2,19
36,chaining,2000003,mod,10000000,structure,chain_top3,18
36,chaining,2000003,mod,10000000,gaps,min,0
36,chaining,2000003,mod,10000000,gaps,avg,0.006748736782654131
36,chaining,2000003,mod,10000000,gaps,max,2
37,chaining,2000003,mul,100000,insert,time_ns,32127700
37,chaining,2000003,mul,100000,insert,collisions,2444
37,chaining,2000003,mul,100000,insert,memory_bytes,9188688
37,chaining,2000003,mul,100000,search,time_ns,17499000
37,chaining,2000003,mul,100000,structure,chain_top1,3
37,chaining,2000003,mul,100000,structure,chain_top2,3
37,chaining,2000003,mul,100000,structure,chain_top3,3
37,chaining,2000003,mul,100000,gaps,min,0
37,chaining,2000003,mul,100000,gaps,avg,19.49313468317075
37,chaining,2000003,mul,100000,gaps,max,228
37,chaining,2000003,mul,1000000,insert,time_ns,224842400
37,chaining,2000003,mul,1000000,insert,collisions,250025
37,chaining,2000003,mul,1000000,insert,memory_bytes,16777264
37,chaining,2000003,mul,1000000,search,time_ns,209187700
37,chaining,2000003,mul,1000000,structure,chain_top1,6
37,chaining,2000003,mul,1000000,structure,chain_top2,6
37,chaining,2000003,mul,1000000,structure,chain_top3,6
37,chaining,2000003,mul,1000000,gaps,min,0
37,chaining,2000003,mul,1000000,gaps,avg,1.5406007253418696
37,chaining,2000003,mul,1000000,gaps,max,33
37,chaining,2000003,mul,10000000,insert,time_ns,3599881400
37,chaining,2000003,mul,10000000,insert,collisions,25040709
37,chaining,2000003,mul,10000000,insert,memory_bytes,92274736
37,chaining,2000003,mul,10000000,search,time_ns,4016597300
37,chaining,2000003,mul,10000000,structure,chain_top1,19
37,chaining,2000003,mul,10000000,structure,chain_top2,19
37,chaining,2000003,mul,10000000,structure,chain_top3,19
37,chaining,2000003,mul,10000000,gaps,min,0
37,chaining,2000003,mul,10000000,gaps,avg,0.006855673424675189
37,chaining,2000003,mul,10000000,gaps,max,3
38,chaining,2000003,mix,100000,insert,time_ns,17077600
38,chaining,2000003,mix,100000,insert,collisions,2488
38,chaining,2000003,mix,100000,insert,memory_bytes,9188688
38,chaining,2000003,mix,100000,search,time_ns,3111700
38,chaining,2000003,mix,100000,structure,chain_top1,3
38,chaining,2000003,mix,100000,structure,chain_top2,3
38,chaining,2000003,mix,100000,structure,chain_top3,3
38,chaining,2000003,mix,100000,gaps,min,0
38,chaining,2000003,mix,100000,gaps,avg,19.50356253139641
38,chaining,2000003,mix,100000,gaps,max,215
38,chaining,2000003,mix,1000000,insert,time_ns,65841500
38,chaining,2000003,mix,1000000,insert,collisions,250634
38,chaining,2000003,mix,1000000,insert,memory_bytes,16777264
38,chaining,2000003,mix,1000000,search,time_ns,52667200
38,chaining,2000003,mix,1000000,structure,chain_top1,7
38,chaining,2000003,mix,1000000,structure,chain_top2,7
38,chaining,2000003,mix,1000000,structure,chain_top3,7
38,chaining,2000003,mix,1000000,gaps,min,0
38,chaining,2000003,mix,1000000,gaps,avg,1.5427997482629507
38,chaining,2000003,mix,1000000,gaps,max,31
38,chaining,2000003,mix,10000000,insert,time_ns,1427395600
38,chaining,2000003,mix,10000000,insert,collisions,25016336
38,chaining,2000003,mix,10000000,insert,memory_bytes,92274736
38,chaining,2000003,mix,10000000,search,time_ns,1732765500
38,chaining,2000003,mix,10000000,structure,chain_top1,20
38,chaining,2000003,mix,10000000,structure,chain_top2,19
38,chaining,2000003,mix,10000000,structure,chain_top3,19
38,chaining,2000003,mix,10000000,gaps,min,0
38,chaining,2000003,mix,10000000,gaps,avg,0.0068952149846070974
38,chaining,2000003,mix,10000000,gaps,max,2
39,linear,2000003,mod,100000,insert,time_ns,19050000
39,linear,2000003,mod,100000,insert,collisions,2670
39,linear,2000003,mod,100000,insert,memory_bytes,10388672
39,linear,2000003,mod,100000,search,time_ns,4784400
39,linear,2000003,mod,100000,gaps,min,0
39,linear,2000003,mod,100000,gaps,avg,19.00003
39,linear,2000003,mod,100000,gaps,max,238
39,linear,2000003,mod,1000000,insert,time_ns,68902600
39,linear,2000003,mod,1000000,insert,collisions,503560
39,linear,2000003,mod,1000000,insert,memory_bytes,10388672
39,linear,2000003,mod,1000000,search,time_ns,53080200
39,linear,2000003,mod,1000000,gaps,min,0
39,linear,2000003,mod,1000000,gaps,avg,1.000003
39,linear,2000003,mod,1000000,gaps,max,26
40,linear,2000003,mul,100000,insert,time_ns,23249600
40,linear,2000003,mul,100000,insert,collisions,2585
40,linear,2000003,mul,100000,insert,memory_bytes,10388672
40,linear,2000003,mul,100000,search,time_ns,23638800
40,linear,2000003,mul,100000,gaps,min,0
40,linear,2000003,mul,100000,gaps,avg,19.00003
40,linear,2000003,mul,100000,gaps,max,228
40,linear,2000003,mul,1000000,insert,time_ns,197950300
40,linear,2000003,mul,1000000,insert,collisions,502132
40,linear,2000003,mul,1000000,insert,memory_bytes,10388672
40,linear,2000003,mul,1000000,search,time_ns,204070200
40,linear,2000003,mul,1000000,gaps,min,0
40,linear,2000003,mul,1000000,gaps,avg,1.000003
40,linear,2000003,mul,1000000,gaps,max,32
41,linear,2000003,mix,100000,insert,time_ns,9073300
41,linear,2000003,mix,100000,insert,collisions,2605
41,linear,2000003,mix,100000,insert,memory_bytes,10388672
41,linear,2000003,mix,100000,search,time_ns,4829500
41,linear,2000003,mix,100000,gaps,min,0
41,linear,2000003,mix,100000,gaps,avg,19.00003
41,linear,2000003,mix,100000,gaps,max,215
41,linear,2000003,mix,1000000,insert,time_ns,60720400
41,linear,2000003,mix,1000000,insert,collisions,500352
41,linear,2000003,mix,1000000,insert,memory_bytes,10388672
41,linear,2000003,mix,1000000,search,time_ns,49604800
41,linear,2000003,mix,1000000,gaps,min,0
41,linear,2000003,mix,1000000,gaps,avg,1.000003
41,linear,2000003,mix,1000000,gaps,max,31
42,doublehash,2000003,mod+dh,100000,insert,time_ns,13139300
42,doublehash,2000003,mod+dh,100000,insert,collisions,2622
42,doublehash,2000003,mod+dh,100000,insert,memory_bytes,10388672
42,doublehash,2000003,mod+dh,100000,search,time_ns,4129100
42,doublehash,2000003,mod+dh,100000,gaps,min,0
42,doublehash,2000003,mod+dh,100000,gaps,avg,19.00003
42,doublehash,2000003,mod+dh,100000,gaps,max,237
42,doublehash,2000003,mod+dh,1000000,insert,time_ns,57522200
42,doublehash,2000003,mod+dh,1000000,insert,collisions,386243
42,doublehash,2000003,mod+dh,1000000,insert,memory_bytes,10388672
42,doublehash,2000003,mod+dh,1000000,search,time_ns,48569000
42,doublehash,2000003,mod+dh,1000000,gaps,min,0
42,doublehash,2000003,mod+dh,1000000,gaps,avg,1.000003
42,doublehash,2000003,mod+dh,1000000,gaps,max,21
43,doublehash,2000003,mul+dh,100000,insert,time_ns,27048000
43,doublehash,2000003,mul+dh,100000,insert,collisions,2543
43,doublehash,2000003,mul+dh,100000,insert,memory_bytes,10388672
43,doublehash,2000003,mul+dh,100000,search,time_ns,18303900
43,doublehash,2000003,mul+dh,100000,gaps,min,0
43,doublehash,2000003,mul+dh,100000,gaps,avg,19.00003
43,doublehash,2000003,mul+dh,100000,gaps,max,228
43,doublehash,2000003,mul+dh,1000000,insert,time_ns,210722500
43,doublehash,2000003,mul+dh,1000000,insert,collisions,385796
43,doublehash,2000003,mul+dh,1000000,insert,memory_bytes,10388672
43,doublehash,2000003,mul+dh,1000000,search,time_ns,192474100
43,doublehash,2000003,mul+dh,1000000,gaps,min,0
43,doublehash,2000003,mul+dh,1000000,gaps,avg,1.000003
43,doublehash,2000003,mul+dh,1000000,gaps,max,21
44,doublehash,2000003,mix+dh,100000,insert,time_ns,6044000
44,doublehash,2000003,mix+dh,100000,insert,collisions,2566
44,doublehash,2000003,mix+dh,100000,insert,memory_bytes,10388672
44,doublehash,2000003,mix+dh,100000,search,time_ns,3566000
44,doublehash,2000003,mix+dh,100000,gaps,min,0
44,doublehash,2000003,mix+dh,100000,gaps,avg,19.00003
44,doublehash,2000003,mix+dh,100000,gaps,max,215
44,doublehash,2000003,mix+dh,1000000,insert,time_ns,62413600
44,doublehash,2000003,mix+dh,1000000,insert,collisions,387110
44,doublehash,2000003,mix+dh,1000000,insert,memory_bytes,10388672
44,doublehash,2000003,mix+dh,1000000,search,time_ns,40956400
44,doublehash,2000003,mix+dh,1000000,gaps,min,0
44,doublehash,2000003,mix+dh,1000000,gaps,avg,1.000003
44,doublehash,2000003,mix+dh,1000000,gaps,max,24
45,chaining,20000027,mod,100000,insert,time_ns,9546500
45,chaining,20000027,mod,100000,insert,collisions,233
45,chaining,20000027,mod,100000,insert,memory_bytes,84686160
45,chaining,20000027,mod,100000,search,time_ns,5817500
45,chaining,20000027,mod,100000,structure,chain_top1,2
45,chaining,20000027,mod,100000,structure,chain_top2,2
45,chaining,20000027,mod,100000,structure,chain_top3,2
45,chaining,20000027,mod,100000,gaps,min,0
45,chaining,20000027,mod,100000,gaps,avg,199.4614497925145
45,chaining,20000027,mod,100000,gaps,max,2469
45,chaining,20000027,mod,1000000,insert,time_ns,57626900
45,chaining,20000027,mod,1000000,insert,collisions,25145
45,chaining,20000027,mod,1000000,insert,memory_bytes,92274736
45,chaining,20000027,mod,1000000,search,time_ns,43340600
45,chaining,20000027,mod,1000000,structure,chain_top1,4
45,chaining,20000027,mod,1000000,structure,chain_top2,4
45,chaining,20000027,mod,1000000,structure,chain_top3,4
45,chaining,20000027,mod,1000000,gaps,min,0
45,chaining,20000027,mod,1000000,gaps,avg,19.506046208329145
45,chaining,20000027,mod,1000000,gaps,max,297
45,chaining,20000027,mod,10000000,insert,time_ns,650341000
45,chaining,20000027,mod,10000000,insert,collisions,2496669
45,chaining,20000027,mod,10000000,insert,memory_bytes,167772208
45,chaining,20000027,mod,10000000,search,time_ns,595486300
45,chaining,20000027,mod,10000000,structure,chain_top1,7
45,chaining,20000027,mod,10000000,structure,chain_top2,7
45,chaining,20000027,mod,10000000,structure,chain_top3,7
45,chaining,20000027,mod,10000000,gaps,min,0
45,chaining,20000027,mod,10000000,gaps,avg,1.5408577696860024
45,chaining,20000027,mod,10000000,gaps,max,32
46,chaining,20000027,mul,100000,insert,time_ns,24412900
46,chaining,20000027,mul,100000,insert,collisions,274
46,chaining,20000027,mul,100000,insert,memory_bytes,84686160
46,chaining,20000027,mul,100000,search,time_ns,23121800
46,chaining,20000027,mul,100000,structure,chain_top1,3
46,chaining,20000027,mul,100000,structure,chain_top2,3
46,chaining,20000027,mul,100000,structure,chain_top3,2
46,chaining,20000027,mul,100000,gaps,min,0
46,chaining,20000027,mul,100000,gaps,avg,199.5440452435148
46,chaining,20000027,mul,100000,gaps,max,2293
46,chaining,20000027,mul,1000000,insert,time_ns,227196800
46,chaining,20000027,mul,1000000,insert,collisions,27559
46,chaining,20000027,mul,1000000,insert,memory_bytes,92274736
46,chaining,20000027,mul,1000000,search,time_ns,211431900
46,chaining,20000027,mul,1000000,structure,chain_top1,4
46,chaining,20000027,mul,1000000,structure,chain_top2,4
46,chaining,20000027,mul,1000000,structure,chain_top3,4
46,chaining,20000027,mul,1000000,gaps,min,0
46,chaining,20000027,mul,1000000,gaps,avg,19.55579925608529
46,chaining,20000027,mul,1000000,gaps,max,338
46,chaining,20000027,mul,10000000,insert,time_ns,2228040200
46,chaining,20000027,mul,10000000,insert,collisions,2774937
46,chaining,20000027,mul,10000000,insert,memory_bytes,167772208
46,chaining,20000027,mul,10000000,search,time_ns,2365023500
46,chaining,20000027,mul,10000000,structure,chain_top1,9
46,chaining,20000027,mul,10000000,structure,chain_top2,8
46,chaining,20000027,mul,10000000,structure,chain_top3,8
46,chaining,20000027,mul,10000000,gaps,min,0
46,chaining,20000027,mul,10000000,gaps,avg,1.5999803181696575
46,chaining,20000027,mul,10000000,gaps,max,34
47,chaining,20000027,mix,100000,insert,time_ns,9938800
47,chaining,20000027,mix,100000,insert,collisions,253
47,chaining,20000027,mix,100000,insert,memory_bytes,84686160
47,chaining,20000027,mix,100000,search,time_ns,4238000
47,chaining,20000027,mix,100000,structure,chain_top1,3
47,chaining,20000027,mix,100000,structure,chain_top2,2
47,chaining,20000027,mix,100000,structure,chain_top3,2
47,chaining,20000027,mix,100000,gaps,min,0
47,chaining,20000027,mix,100000,gaps,avg,199.50058648380403
47,chaining,20000027,mix,100000,gaps,max,2157
47,chaining,20000027,mix,1000000,insert,time_ns,60080000
47,chaining,20000027,mix,1000000,insert,collisions,25455
47,chaining,20000027,mix,1000000,insert,memory_bytes,92274736
47,chaining,20000027,mix,1000000,search,time_ns,49234000
47,chaining,20000027,mix,1000000,structure,chain_top1,4
47,chaining,20000027,mix,1000000,structure,chain_top2,3
47,chaining,20000027,mix,1000000,structure,chain_top3,3
47,chaining,20000027,mix,1000000,gaps,min,0
47,chaining,20000027,mix,1000000,gaps,avg,19.513079135332948
47,chaining,20000027,mix,1000000,gaps,max,284
47,chaining,20000027,mix,10000000,insert,time_ns,664866500
47,chaining,20000027,mix,10000000,insert,collisions,2533599
47,chaining,20000027,mix,10000000,insert,memory_bytes,167772208
47,chaining,20000027,mix,10000000,search,time_ns,621891400
47,chaining,20000027,mix,10000000,structure,chain_top1,8
47,chaining,20000027,mix,10000000,structure,chain_top2,7
47,chaining,20000027,mix,10000000,structure,chain_top3,7
47,chaining,20000027,mix,10000000,gaps,min,0
47,chaining,20000027,mix,10000000,gaps,avg,1.5480913418257713
47,chaining,20000027,mix,10000000,gaps,max,31
48,linear,20000027,mod,100000,insert,time_ns,10522000
48,linear,20000027,mod,100000,insert,collisions,234
48,linear,20000027,mod,100000,insert,memory_bytes,104857640
48,linear,20000027,mod,100000,search,time_ns,3665500
48,linear,20000027,mod,100000,gaps,min,0
48,linear,20000027,mod,100000,gaps,avg,199.00027
48,linear,20000027,mod,100000,gaps,max,2469
48,linear,20000027,mod,1000000,insert,time_ns,56537500
48,linear,20000027,mod,1000000,insert,collisions,26455
48,linear,20000027,mod,1000000,insert,memory_bytes,104857640
48,linear,20000027,mod,1000000,search,time_ns,48410100
48,linear,20000027,mod,1000000,gaps,min,0
48,linear,20000027,mod,1000000,gaps,avg,19.000027
48,linear,20000027,mod,1000000,gaps,max,297
48,linear,20000027,mod,10000000,insert,time_ns,611787500
48,linear,20000027,mod,10000000,insert,collisions,4995786
48,linear,20000027,mod,10000000,insert,memory_bytes,104857640
48,linear,20000027,mod,10000000,search,time_ns,471917200
48,linear,20000027,mod,10000000,gaps,min,0
48,linear,20000027,mod,10000000,gaps,avg,1.0000027
48,linear,20000027,mod,10000000,gaps,max,31
49,linear,20000027,mul,100000,insert,time_ns,30141700
49,linear,20000027,mul,100000,insert,collisions,278
49,linear,20000027,mul,100000,insert,memory_bytes,104857640
49,linear,20000027,mul,100000,search,time_ns,21201600
49,linear,20000027,mul,100000,gaps,min,0
49,linear,20000027,mul,100000,gaps,avg,199.00027
49,linear,20000027,mul,100000,gaps,max,2293
49,linear,20000027,mul,1000000,insert,time_ns,214604000
49,linear,20000027,mul,1000000,insert,collisions,28937
49,linear,20000027,mul,1000000,insert,memory_bytes,104857640
49,linear,20000027,mul,1000000,search,time_ns,196822400
49,linear,20000027,mul,1000000,gaps,min,0
49,linear,20000027,mul,1000000,gaps,avg,19.000027
49,linear,20000027,mul,1000000,gaps,max,338
49,linear,20000027,mul,10000000,insert,time_ns,2140869300
49,linear,20000027,mul,10000000,insert,collisions,5304797
49,linear,20000027,mul,10000000,insert,memory_bytes,104857640
49,linear,20000027,mul,10000000,search,time_ns,2105394000
49,linear,20000027,mul,10000000,gaps,min,0
49,linear,20000027,mul,10000000,gaps,avg,1.0000027
49,linear,20000027,mul,10000000,gaps,max,34
50,linear,20000027,mix,100000,insert,time_ns,7726800
50,linear,20000027,mix,100000,insert,collisions,253
50,linear,20000027,mix,100000,insert,memory_bytes,104857640
50,linear,20000027,mix,100000,search,time_ns,5752900
50,linear,20000027,mix,100000,gaps,min,0
50,linear,20000027,mix,100000,gaps,avg,199.00027
50,linear,20000027,mix,100000,gaps,max,2157
50,linear,20000027,mix,1000000,insert,time_ns,59578800
50,linear,20000027,mix,1000000,insert,collisions,26741
50,linear,20000027,mix,1000000,insert,memory_bytes,104857640
50,linear,20000027,mix,1000000,search,time_ns,55056700
50,linear,20000027,mix,1000000,gaps,min,0
50,linear,20000027,mix,1000000,gaps,avg,19.000027
50,linear,20000027,mix,1000000,gaps,max,284
50,linear,20000027,mix,10000000,insert,time_ns,640340800
50,linear,20000027,mix,10000000,insert,collisions,5037502
50,linear,20000027,mix,10000000,insert,memory_bytes,104857640
50,linear,20000027,mix,10000000,search,time_ns,494448500
50,linear,20000027,mix,10000000,gaps,min,0
50,linear,20000027,mix,10000000,gaps,avg,1.0000027
50,linear,20000027,mix,10000000,gaps,max,31
51,doublehash,20000027,mod+dh,100000,insert,time_ns,12528600
51,doublehash,20000027,mod+dh,100000,insert,collisions,236
51,doublehash,20000027,mod+dh,100000,insert,memory_bytes,104857640
51,doublehash,20000027,mod+dh,100000,search,time_ns,9787200
51,doublehash,20000027,mod+dh,100000,gaps,min,0
51,doublehash,20000027,mod+dh,100000,gaps,avg,199.00027
51,doublehash,20000027,mod+dh,100000,gaps,max,2469
51,doublehash,20000027,mod+dh,1000000,insert,time_ns,64275100
51,doublehash,20000027,mod+dh,1000000,insert,collisions,25943
51,doublehash,20000027,mod+dh,1000000,insert,memory_bytes,104857640
51,doublehash,20000027,mod+dh,1000000,search,time_ns,56489100
51,doublehash,20000027,mod+dh,1000000,gaps,min,0
51,doublehash,20000027,mod+dh,1000000,gaps,avg,19.000027
51,doublehash,20000027,mod+dh,1000000,gaps,max,281
51,doublehash,20000027,mod+dh,10000000,insert,time_ns,776138400
51,doublehash,20000027,mod+dh,10000000,insert,collisions,3867562
51,doublehash,20000027,mod+dh,10000000,insert,memory_bytes,104857640
51,doublehash,20000027,mod+dh,10000000,search,time_ns,752484100
51,doublehash,20000027,mod+dh,10000000,gaps,min,0
51,doublehash,20000027,mod+dh,10000000,gaps,avg,1.0000027
51,doublehash,20000027,mod+dh,10000000,gaps,max,23
52,doublehash,20000027,mul+dh,100000,insert,time_ns,32190800
52,doublehash,20000027,mul+dh,100000,insert,collisions,272
52,doublehash,20000027,mul+dh,100000,insert,memory_bytes,104857640
52,doublehash,20000027,mul+dh,100000,search,time_ns,39514500
52,doublehash,20000027,mul+dh,100000,gaps,min,0
52,doublehash,20000027,mul+dh,100000,gaps,avg,199.00027
52,doublehash,20000027,mul+dh,100000,gaps,max,2293
52,doublehash,20000027,mul+dh,1000000,insert,time_ns,209933200
52,doublehash,20000027,mul+dh,1000000,insert,collisions,28496
52,doublehash,20000027,mul+dh,1000000,insert,memory_bytes,104857640
52,doublehash,20000027,mul+dh,1000000,search,time_ns,228842000
52,doublehash,20000027,mul+dh,1000000,gaps,min,0
52,doublehash,20000027,mul+dh,1000000,gaps,avg,19.000027
52,doublehash,20000027,mul+dh,1000000,gaps,max,338
52,doublehash,20000027,mul+dh,10000000,insert,time_ns,2325593900
52,doublehash,20000027,mul+dh,10000000,insert,collisions,4162035
52,doublehash,20000027,mul+dh,10000000,insert,memory_bytes,104857640
52,doublehash,20000027,mul+dh,10000000,search,time_ns,2275227800
52,doublehash,20000027,mul+dh,10000000,gaps,min,0
52,doublehash,20000027,mul+dh,10000000,gaps,avg,1.0000027
52,doublehash,20000027,mul+dh,10000000,gaps,max,22
53,doublehash,20000027,mix+dh,100000,insert,time_ns,9920600
53,doublehash,20000027,mix+dh,100000,insert,collisions,253
53,doublehash,20000027,mix+dh,100000,insert,memory_bytes,104857640
53,doublehash,20000027,mix+dh,100000,search,time_ns,5891200
53,doublehash,20000027,mix+dh,100000,gaps,min,0
53,doublehash,20000027,mix+dh,100000,gaps,avg,199.00027
53,doublehash,20000027,mix+dh,100000,gaps,max,2157
53,doublehash,20000027,mix+dh,1000000,insert,time_ns,63931100
53,doublehash,20000027,mix+dh,1000000,insert,collisions,26280
53,doublehash,20000027,mix+dh,1000000,insert,memory_bytes,104857640
53,doublehash,20000027,mix+dh,1000000,search,time_ns,67198800
53,doublehash,20000027,mix+dh,1000000,gaps,min,0
53,doublehash,20000027,mix+dh,1000000,gaps,avg,19.000027
53,doublehash,20000027,mix+dh,1000000,gaps,max,284
53,doublehash,20000027,mix+dh,10000000,insert,time_ns,802841100
53,doublehash,20000027,mix+dh,10000000,insert,collisions,3907872
53,doublehash,20000027,mix+dh,10000000,insert,memory_bytes,104857640
53,doublehash,20000027,mix+dh,10000000,search,time_ns,771871400
53,doublehash,20000027,mix+dh,10000000,gaps,min,0
53,doublehash,20000027,mix+dh,10000000,gaps,avg,1.0000027
53,doublehash,20000027,mix+dh,10000000,gaps,max,21
54,chaining,200003,mod,100000,insert,time_ns,4298000
54,chaining,200003,mod,100000,insert,collisions,25358
54,chaining,200003,mod,100000,insert,memory_bytes,1600112
54,chaining,200003,mod,100000,search,time_ns,3919700
54,chaining,200003,mod,100000,structure,chain_top1,8
54,chaining,200003,mod,100000,structure,chain_top2,6
54,chaining,200003,mod,100000,structure,chain_top3,6
54,chaining,200003,mod,100000,gaps,min,0
54,chaining,200003,mod,100000,gaps,avg,1.548751736354484
54,chaining,200003,mod,100000,gaps,max,22
54,chaining,200003,mod,1000000,insert,time_ns,63299400
54,chaining,200003,mod,1000000,insert,collisions,2500976
54,chaining,200003,mod,1000000,insert,memory_bytes,9188688
54,chaining,200003,mod,1000000,search,time_ns,65466300
54,chaining,200003,mod,1000000,structure,chain_top1,19
54,chaining,200003,mod,1000000,structure,chain_top2,19
54,chaining,200003,mod,1000000,structure,chain_top3,17
54,chaining,200003,mod,1000000,gaps,min,0
54,chaining,200003,mod,1000000,gaps,avg,0.006826213465159128
54,chaining,200003,mod,1000000,gaps,max,2
54,chaining,200003,mod,10000000,insert,time_ns,13438002000
54,chaining,200003,mod,10000000,insert,collisions,250022012
54,chaining,200003,mod,10000000,insert,memory_bytes,84686160
54,chaining,200003,mod,10000000,search,time_ns,16338372200
54,chaining,200003,mod,10000000,structure,chain_top1,84
54,chaining,200003,mod,10000000,structure,chain_top2,83
54,chaining,200003,mod,10000000,structure,chain_top3,83
54,chaining,200003,mod,10000000,gaps,min,0
54,chaining,200003,mod,10000000,gaps,avg,0.0
54,chaining,200003,mod,10000000,gaps,max,0
55,chaining,200003,mul,100000,insert,time_ns,34922600
55,chaining,200003,mul,100000,insert,collisions,25009
55,chaining,200003,mul,100000,insert,memory_bytes,1600112
55,chaining,200003,mul,100000,search,time_ns,21043400
55,chaining,200003,mul,100000,structure,chain_top1,6
55,chaining,200003,mul,100000,structure,chain_top2,6
55,chaining,200003,mul,100000,structure,chain_top3,6
55,chaining,200003,mul,100000,gaps,min,0
55,chaining,200003,mul,100000,gaps,avg,1.5428146415267059
55,chaining,200003,mul,100000,gaps,max,21
55,chaining,200003,mul,1000000,insert,time_ns,222114800
55,chaining,200003,mul,1000000,insert,collisions,2501283
55,chaining,200003,mul,1000000,insert,memory_bytes,9188688
55,chaining,200003,mul,1000000,search,time_ns,194778900
55,chaining,200003,mul,1000000,structure,chain_top1,16
55,chaining,200003,mul,1000000,structure,chain_top2,16
55,chaining,200003,mul,1000000,structure,chain_top3,16
55,chaining,200003,mul,1000000,gaps,min,0
55,chaining,200003,mul,1000000,gaps,avg,0.006608317521352465
55,chaining,200003,mul,1000000,gaps,max,3
55,chaining,200003,mul,10000000,insert,time_ns,16668087900
55,chaining,200003,mul,10000000,insert,collisions,249992640
55,chaining,200003,mul,10000000,insert,memory_bytes,84686160
55,chaining,200003,mul,10000000,search,time_ns,18974167400
55,chaining,200003,mul,10000000,structure,chain_top1,85
55,chaining,200003,mul,10000000,structure,chain_top2,84
55,chaining,200003,mul,10000000,structure,chain_top3,83
55,chaining,200003,mul,10000000,gaps,min,0
55,chaining,200003,mul,10000000,gaps,avg,0.0
55,chaining,200003,mul,10000000,gaps,max,0
56,chaining,200003,mix,100000,insert,time_ns,17505000
56,chaining,200003,mix,100000,insert,collisions,25107
56,chaining,200003,mix,100000,insert,memory_bytes,1600112
56,chaining,200003,mix,100000,search,time_ns,3591900
56,chaining,200003,mix,100000,structure,chain_top1,5
56,chaining,200003,mix,100000,structure,chain_top2,5
56,chaining,200003,mix,100000,structure,chain_top3,5
56,chaining,200003,mix,100000,gaps,min,0
56,chaining,200003,mix,100000,gaps,avg,1.5415544146800182
56,chaining,200003,mix,100000,gaps,max,24
56,chaining,200003,mix,1000000,insert,time_ns,60204400
56,chaining,200003,mix,1000000,insert,collisions,2503203
56,chaining,200003,mix,1000000,insert,memory_bytes,9188688
56,chaining,200003,mix,1000000,search,time_ns,70301200
56,chaining,200003,mix,1000000,structure,chain_top1,17
56,chaining,200003,mix,1000000,structure,chain_top2,17
56,chaining,200003,mix,1000000,structure,chain_top3,17
56,chaining,200003,mix,1000000,gaps,min,0
56,chaining,200003,mix,1000000,gaps,avg,0.007323166186514092
56,chaining,200003,mix,1000000,gaps,max,3
56,chaining,200003,mix,10000000,insert,time_ns,13729686200
56,chaining,200003,mix,10000000,insert,collisions,250039485
56,chaining,200003,mix,10000000,insert,memory_bytes,84686160
56,chaining,200003,mix,10000000,search,time_ns,17377890400
56,chaining,200003,mix,10000000,structure,chain_top1,89
56,chaining,200003,mix,10000000,structure,chain_top2,87
56,chaining,200003,mix,10000000,structure,chain_top3,84
56,chaining,200003,mix,10000000,gaps,min,0
56,chaining,200003,mix,10000000,gaps,avg,0.0
56,chaining,200003,mix,10000000,gaps,max,0
57,linear,200003,mod,100000,insert,time_ns,4341000
57,linear,200003,mod,100000,insert,collisions,50385
57,linear,200003,mod,100000,insert,memory_bytes,1000096
57,linear,200003,mod,100000,search,time_ns,2116000
57,linear,200003,mod,100000,gaps,min,0
57,linear,200003,mod,100000,gaps,avg,1.00003
57,linear,200003,mod,100000,gaps,max,22
58,linear,200003,mul,100000,insert,time_ns,35991300
58,linear,200003,mul,100000,insert,collisions,50095
58,linear,200003,mul,100000,insert,memory_bytes,1000096
58,linear,200003,mul,100000,search,time_ns,22624200
58,linear,200003,mul,100000,gaps,min,0
58,linear,200003,mul,100000,gaps,avg,1.00003
58,linear,200003,mul,100000,gaps,max,21
59,linear,200003,mix,100000,insert,time_ns,20446500
59,linear,200003,mix,100000,insert,collisions,50578
59,linear,200003,mix,100000,insert,memory_bytes,1000096
59,linear,200003,mix,100000,search,time_ns,5551700
59,linear,200003,mix,100000,gaps,min,0
59,linear,200003,mix,100000,gaps,avg,1.00003
59,linear,200003,mix,100000,gaps,max,24
60,doublehash,200003,mod+dh,100000,insert,time_ns,4636400
60,doublehash,200003,mod+dh,100000,insert,collisions,38765
60,doublehash,200003,mod+dh,100000,insert,memory_bytes,1000096
60,doublehash,200003,mod+dh,100000,search,time_ns,2368600
60,doublehash,200003,mod+dh,100000,gaps,min,0
60,doublehash,200003,mod+dh,100000,gaps,avg,1.00003
60,doublehash,200003,mod+dh,100000,gaps,max,16
61,doublehash,200003,mul+dh,100000,insert,time_ns,17659500
61,doublehash,200003,mul+dh,100000,insert,collisions,38833
61,doublehash,200003,mul+dh,100000,insert,memory_bytes,1000096
61,doublehash,200003,mul+dh,100000,search,time_ns,17126400
61,doublehash,200003,mul+dh,100000,gaps,min,0
61,doublehash,200003,mul+dh,100000,gaps,avg,1.00003
61,doublehash,200003,mul+dh,100000,gaps,max,15
62,doublehash,200003,mix+dh,100000,insert,time_ns,20811800
62,doublehash,200003,mix+dh,100000,insert,collisions,38635
62,doublehash,200003,mix+dh,100000,insert,memory_bytes,1000096
62,doublehash,200003,mix+dh,100000,search,time_ns,2613100
62,doublehash,200003,mix+dh,100000,gaps,min,0
62,doublehash,200003,mix+dh,100000,gaps,avg,1.00003
62,doublehash,200003,mix+dh,100000,gaps,max,18
63,chaining,2000003,mod,100000,insert,time_ns,6301100
63,chaining,2000003,mod,100000,insert,collisions,2536
63,chaining,2000003,mod,100000,insert,memory_bytes,9188688
63,chaining,2000003,mod,100000,search,time_ns,5561600
63,chaining,2000003,mod,100000,structure,chain_top1,3
63,chaining,2000003,mod,100000,structure,chain_top2,3
63,chaining,2000003,mod,100000,structure,chain_top3,3
63,chaining,2000003,mod,100000,gaps,min,0
63,chaining,2000003,mod,100000,gaps,avg,19.51158926813259
63,chaining,2000003,mod,100000,gaps,max,238
63,chaining,2000003,mod,1000000,insert,time_ns,52723300
63,chaining,2000003,mod,1000000,insert,collisions,250384
63,chaining,2000003,mod,1000000,insert,memory_bytes,16777264
63,chaining,2000003,mod,1000000,search,time_ns,38202800
63,chaining,2000003,mod,1000000,structure,chain_top1,7
63,chaining,2000003,mod,1000000,structure,chain_top2,7
63,chaining,2000003,mod,1000000,structure,chain_top3,7
63,chaining,2000003,mod,1000000,gaps,min,0
63,chaining,2000003,mod,1000000,gaps,avg,1.5422179569475605
63,chaining,2000003,mod,1000000,gaps,max,26
63,chaining,2000003,mod,10000000,insert,time_ns,1414096700
63,chaining,2000003,mod,10000000,insert,collisions,25005586
63,chaining,2000003,mod,10000000,insert,memory_bytes,92274736
63,chaining,2000003,mod,10000000,search,time_ns,1660009400
63,chaining,2000003,mod,10000000,structure,chain_top1,19
63,chaining,2000003,mod,10000000,structure,chain_top2,19
63,chaining,2000003,mod,10000000,structure,chain_top3,18
63,chaining,2000003,mod,10000000,gaps,min,0
63,chaining,2000003,mod,10000000,gaps,avg,0.006748736782654131
63,chaining,2000003,mod,10000000,gaps,max,2
64,chaining,2000003,mul,100000,insert,time_ns,20698200
64,chaining,2000003,mul,100000,insert,collisions,2444
64,chaining,2000003,mul,100000,insert,memory_bytes,9188688
64,chaining,2000003,mul,100000,search,time_ns,22940600
64,chaining,2000003,mul,100000,structure,chain_top1,3
64,chaining,2000003,mul,100000,structure,chain_top2,3
64,chaining,2000003,mul,100000,structure,chain_top3,3
64,chaining,2000003,mul,100000,gaps,min,0
64,chaining,2000003,mul,100000,gaps,avg,19.49313468317075
64,chaining,2000003,mul,100000,gaps,max,228
64,chaining,2000003,mul,1000000,insert,time_ns,215448100
64,chaining,2000003,mul,1000000,insert,collisions,250025
64,chaining,2000003,mul,1000000,insert,memory_bytes,16777264
64,chaining,2000003,mul,1000000,search,time_ns,196282300
64,chaining,2000003,mul,1000000,structure,chain_top1,6
64,chaining,2000003,mul,1000000,structure,chain_top2,6
64,chaining,2000003,mul,1000000,structure,chain_top3,6
64,chaining,2000003,mul,1000000,gaps,min,0
64,chaining,2000003,mul,1000000,gaps,avg,1.5406007253418696
64,chaining,2000003,mul,1000000,gaps,max,33
64,chaining,2000003,mul,10000000,insert,time_ns,3579524100
64,chaining,2000003,mul,10000000,insert,collisions,25040709
64,chaining,2000003,mul,10000000,insert,memory_bytes,92274736
64,chaining,2000003,mul,10000000,search,time_ns,4012901300
64,chaining,2000003,mul,10000000,structure,chain_top1,19
64,chaining,2000003,mul,10000000,structure,chain_top2,19
64,chaining,2000003,mul,10000000,structure,chain_top3,19
64,chaining,2000003,mul,10000000,gaps,min,0
64,chaining,2000003,mul,10000000,gaps,avg,0.006855673424675189
64,chaining,2000003,mul,10000000,gaps,max,3
65,chaining,2000003,mix,100000,insert,time_ns,18389900
65,chaining,2000003,mix,100000,insert,collisions,2488
65,chaining,2000003,mix,100000,insert,memory_bytes,9188688
65,chaining,2000003,mix,100000,search,time_ns,4853000
65,chaining,2000003,mix,100000,structure,chain_top1,3
65,chaining,2000003,mix,100000,structure,chain_top2,3
65,chaining,2000003,mix,100000,structure,chain_top3,3
65,chaining,2000003,mix,100000,gaps,min,0
65,chaining,2000003,mix,100000,gaps,avg,19.50356253139641
65,chaining,2000003,mix,100000,gaps,max,215
65,chaining,2000003,mix,1000000,insert,time_ns,50205700
65,chaining,2000003,mix,1000000,insert,collisions,250634
65,chaining,2000003,mix,1000000,insert,memory_bytes,16777264
65,chaining,2000003,mix,1000000,search,time_ns,55458900
65,chaining,2000003,mix,1000000,structure,chain_top1,7
65,chaining,2000003,mix,1000000,structure,chain_top2,7
65,chaining,2000003,mix,1000000,structure,chain_top3,7
65,chaining,2000003,mix,1000000,gaps,min,0
65,chaining,2000003,mix,1000000,gaps,avg,1.5427997482629507
65,chaining,2000003,mix,1000000,gaps,max,31
65,chaining,2000003,mix,10000000,insert,time_ns,1437213200
65,chaining,2000003,mix,10000000,insert,collisions,25016336
65,chaining,2000003,mix,10000000,insert,memory_bytes,92274736
65,chaining,2000003,mix,10000000,search,time_ns,1694422400
65,chaining,2000003,mix,10000000,structure,chain_top1,20
65,chaining,2000003,mix,10000000,structure,chain_top2,19
65,chaining,2000003,mix,10000000,structure,chain_top3,19
65,chaining,2000003,mix,10000000,gaps,min,0
65,chaining,2000003,mix,10000000,gaps,avg,0.0068952149846070974
65,chaining,2000003,mix,10000000,gaps,max,2
66,linear,2000003,mod,100000,insert,time_ns,17431300
66,linear,2000003,mod,100000,insert,collisions,2670
66,linear,2000003,mod,100000,insert,memory_bytes,10388672
66,linear,2000003,mod,100000,search,time_ns,3540400
66,linear,2000003,mod,100000,gaps,min,0
66,linear,2000003,mod,100000,gaps,avg,19.00003
66,linear,2000003,mod,100000,gaps,max,238
66,linear,2000003,mod,1000000,insert,time_ns,57989200
66,linear,2000003,mod,1000000,insert,collisions,503560
66,linear,2000003,mod,1000000,insert,memory_bytes,10388672
66,linear,2000003,mod,1000000,search,time_ns,40501100
66,linear,2000003,mod,1000000,gaps,min,0
66,linear,2000003,mod,1000000,gaps,avg,1.000003
66,linear,2000003,mod,1000000,gaps,max,26
67,linear,2000003,mul,100000,insert,time_ns,30597900
67,linear,2000003,mul,100000,insert,collisions,2585
67,linear,2000003,mul,100000,insert,memory_bytes,10388672
67,linear,2000003,mul,100000,search,time_ns,28375900
67,linear,2000003,mul,100000,gaps,min,0
67,linear,2000003,mul,100000,gaps,avg,19.00003
67,linear,2000003,mul,100000,gaps,max,228
67,linear,2000003,mul,1000000,insert,time_ns,223096300
67,linear,2000003,mul,1000000,insert,collisions,502132
67,linear,2000003,mul,1000000,insert,memory_bytes,10388672
67,linear,2000003,mul,1000000,search,time_ns,204173300
67,linear,2000003,mul,1000000,gaps,min,0
67,linear,2000003,mul,1000000,gaps,avg,1.000003
67,linear,2000003,mul,1000000,gaps,max,32
68,linear,2000003,mix,100000,insert,time_ns,7847200
68,linear,2000003,mix,100000,insert,collisions,2605
68,linear,2000003,mix,100000,insert,memory_bytes,10388672
68,linear,2000003,mix,100000,search,time_ns,3823000
68,linear,2000003,mix,100000,gaps,min,0
68,linear,2000003,mix,100000,gaps,avg,19.00003
68,linear,2000003,mix,100000,gaps,max,215
68,linear,2000003,mix,1000000,insert,time_ns,49514300
68,linear,2000003,mix,1000000,insert,collisions,500352
68,linear,2000003,mix,1000000,insert,memory_bytes,10388672
68,linear,2000003,mix,1000000,search,time_ns,56603200
68,linear,2000003,mix,1000000,gaps,min,0
68,linear,2000003,mix,1000000,gaps,avg,1.000003
68,linear,2000003,mix,1000000,gaps,max,31
69,doublehash,2000003,mod+dh,100000,insert,time_ns,6899400
69,doublehash,2000003,mod+dh,100000,insert,collisions,2622
69,doublehash,2000003,mod+dh,100000,insert,memory_bytes,10388672
69,doublehash,2000003,mod+dh,100000,search,time_ns,3589300
69,doublehash,2000003,mod+dh,100000,gaps,min,0
69,doublehash,2000003,mod+dh,100000,gaps,avg,19.00003
69,doublehash,2000003,mod+dh,100000,gaps,max,237
69,doublehash,2000003,mod+dh,1000000,insert,time_ns,66551000
69,doublehash,2000003,mod+dh,1000000,insert,collisions,386243
69,doublehash,2000003,mod+dh,1000000,insert,memory_bytes,10388672
69,doublehash,2000003,mod+dh,1000000,search,time_ns,71549000
69,doublehash,2000003,mod+dh,1000000,gaps,min,0
69,doublehash,2000003,mod+dh,1000000,gaps,avg,1.000003
69,doublehash,2000003,mod+dh,1000000,gaps,max,21
70,doublehash,2000003,mul+dh,100000,insert,time_ns,24559600
70,doublehash,2000003,mul+dh,100000,insert,collisions,2543
70,doublehash,2000003,mul+dh,100000,insert,memory_bytes,10388672
70,doublehash,2000003,mul+dh,100000,search,time_ns,18879500
70,doublehash,2000003,mul+dh,100000,gaps,min,0
70,doublehash,2000003,mul+dh,100000,gaps,avg,19.00003
70,doublehash,2000003,mul+dh,100000,gaps,max,228
70,doublehash,2000003,mul+dh,1000000,insert,time_ns,209012700
70,doublehash,2000003,mul+dh,1000000,insert,collisions,385796
70,doublehash,2000003,mul+dh,1000000,insert,memory_bytes,10388672
70,doublehash,2000003,mul+dh,1000000,search,time_ns,245025800
70,doublehash,2000003,mul+dh,1000000,gaps,min,0
70,doublehash,2000003,mul+dh,1000000,gaps,avg,1.000003
70,doublehash,2000003,mul+dh,1000000,gaps,max,21
71,doublehash,2000003,mix+dh,100000,insert,time_ns,19517400
71,doublehash,2000003,mix+dh,100000,insert,collisions,2566
71,doublehash,2000003,mix+dh,100000,insert,memory_bytes,10388672
71,doublehash,2000003,mix+dh,100000,search,time_ns,11983200
71,doublehash,2000003,mix+dh,100000,gaps,min,0
71,doublehash,2000003,mix+dh,100000,gaps,avg,19.00003
71,doublehash,2000003,mix+dh,100000,gaps,max,215
71,doublehash,2000003,mix+dh,1000000,insert,time_ns,70651400
71,doublehash,2000003,mix+dh,1000000,insert,collisions,387110
71,doublehash,2000003,mix+dh,1000000,insert,memory_bytes,10388672
71,doublehash,2000003,mix+dh,1000000,search,time_ns,45941600
71,doublehash,2000003,mix+dh,1000000,gaps,min,0
71,doublehash,2000003,mix+dh,1000000,gaps,avg,1.000003
71,doublehash,2000003,mix+dh,1000000,gaps,max,24
72,chaining,20000027,mod,100000,insert,time_ns,10523800
72,chaining,20000027,mod,100000,insert,collisions,233
72,chaining,20000027,mod,100000,insert,memory_bytes,84686160
72,chaining,20000027,mod,100000,search,time_ns,4938300
72,chaining,20000027,mod,100000,structure,chain_top1,2
72,chaining,20000027,mod,100000,structure,chain_top2,2
72,chaining,20000027,mod,100000,structure,chain_top3,2
72,chaining,20000027,mod,100000,gaps,min,0
72,chaining,20000027,mod,100000,gaps,avg,199.4614497925145
72,chaining,20000027,mod,100000,gaps,max,2469
72,chaining,20000027,mod,1000000,insert,time_ns,56541200
72,chaining,20000027,mod,1000000,insert,collisions,25145
72,chaining,20000027,mod,1000000,insert,memory_bytes,92274736
72,chaining,20000027,mod,1000000,search,time_ns,49921200
72,chaining,20000027,mod,1000000,structure,chain_top1,4
72,chaining,20000027,mod,1000000,structure,chain_top2,4
72,chaining,20000027,mod,1000000,structure,chain_top3,4
72,chaining,20000027,mod,1000000,gaps,min,0
72,chaining,20000027,mod,1000000,gaps,avg,19.506046208329145
72,chaining,20000027,mod,1000000,gaps,max,297
72,chaining,20000027,mod,10000000,insert,time_ns,656278800
72,chaining,20000027,mod,10000000,insert,collisions,2496669
72,chaining,20000027,mod,10000000,insert,memory_bytes,167772208
72,chaining,20000027,mod,10000000,search,time_ns,611316800
72,chaining,20000027,mod,10000000,structure,chain_top1,7
72,chaining,20000027,mod,10000000,structure,chain_top2,7
72,chaining,20000027,mod,10000000,structure,chain_top3,7
72,chaining,20000027,mod,10000000,gaps,min,0
72,chaining,20000027,mod,10000000,gaps,avg,1.5408577696860024
72,chaining,20000027,mod,10000000,gaps,max,32
73,chaining,20000027,mul,100000,insert,time_ns,33909900
73,chaining,20000027,mul,100000,insert,collisions,274
73,chaining,20000027,mul,100000,insert,memory_bytes,84686160
73,chaining,20000027,mul,100000,search,time_ns,21255800
73,chaining,20000027,mul,100000,structure,chain_top1,3
73,chaining,20000027,mul,100000,structure,chain_top2,3
73,chaining,20000027,mul,100000,structure,chain_top3,2
73,chaining,20000027,mul,100000,gaps,min,0
73,chaining,20000027,mul,100000,gaps,avg,199.5440452435148
73,chaining,20000027,mul,100000,gaps,max,2293
73,chaining,20000027,mul,1000000,insert,time_ns,225653900
73,chaining,20000027,mul,1000000,insert,collisions,27559
73,chaining,20000027,mul,1000000,insert,memory_bytes,92274736
73,chaining,20000027,mul,1000000,search,time_ns,228154300
73,chaining,20000027,mul,1000000,structure,chain_top1,4
73,chaining,20000027,mul,1000000,structure,chain_top2,4
73,chaining,20000027,mul,1000000,structure,chain_top3,4
73,chaining,20000027,mul,1000000,gaps,min,0
73,chaining,20000027,mul,1000000,gaps,avg,19.55579925608529
73,chaining,20000027,mul,1000000,gaps,max,338
73,chaining,20000027,mul,10000000,insert,time_ns,2220058200
73,chaining,20000027,mul,10000000,insert,collisions,2774937
73,chaining,20000027,mul,10000000,insert,memory_bytes,167772208
73,chaining,20000027,mul,10000000,search,time_ns,2420628900
73,chaining,20000027,mul,10000000,structure,chain_top1,9
73,chaining,20000027,mul,10000000,structure,chain_top2,8
73,chaining,20000027,mul,10000000,structure,chain_top3,8
73,chaining,20000027,mul,10000000,gaps,min,0
73,chaining,20000027,mul,10000000,gaps,avg,1.5999803181696575
73,chaining,20000027,mul,10000000,gaps,max,34
74,chaining,20000027,mix,100000,insert,time_ns,11905500
74,chaining,20000027,mix,100000,insert,collisions,253
74,chaining,20000027,mix,100000,insert,memory_bytes,84686160
74,chaining,20000027,mix,100000,search,time_ns,3775500
74,chaining,20000027,mix,100000,structure,chain_top1,3
74,chaining,20000027,mix,100000,structure,chain_top2,2
74,chaining,20000027,mix,100000,structure,chain_top3,2
74,chaining,20000027,mix,100000,gaps,min,0
74,chaining,20000027,mix,100000,gaps,avg,199.50058648380403
74,chaining,20000027,mix,100000,gaps,max,2157
74,chaining,20000027,mix,1000000,insert,time_ns,71829500
74,chaining,20000027,mix,1000000,insert,collisions,25455
74,chaining,20000027,mix,1000000,insert,memory_bytes,92274736
74,chaining,20000027,mix,1000000,search,time_ns,47522100
74,chaining,20000027,mix,1000000,structure,chain_top1,4
74,chaining,20000027,mix,1000000,structure,chain_top2,3
74,chaining,20000027,mix,1000000,structure,chain_top3,3
74,chaining,20000027,mix,1000000,gaps,min,0
74,chaining,20000027,mix,1000000,gaps,avg,19.513079135332948
74,chaining,20000027,mix,1000000,gaps,max,284
74,chaining,20000027,mix,10000000,insert,time_ns,662384800
74,chaining,20000027,mix,10000000,insert,collisions,2533599
74,chaining,20000027,mix,10000000,insert,memory_bytes,167772208
74,chaining,20000027,mix,10000000,search,time_ns,643277400
74,chaining,20000027,mix,10000000,structure,chain_top1,8
74,chaining,20000027,mix,10000000,structure,chain_top2,7
74,chaining,20000027,mix,10000000,structure,chain_top3,7
74,chaining,20000027,mix,10000000,gaps,min,0
74,chaining,20000027,mix,10000000,gaps,avg,1.5480913418257713
74,chaining,20000027,mix,10000000,gaps,max,31
75,linear,20000027,mod,100000,insert,time_ns,10867400
75,linear,20000027,mod,100000,insert,collisions,234
75,linear,20000027,mod,100000,insert,memory_bytes,104857640
75,linear,20000027,mod,100000,search,time_ns,6686000
75,linear,20000027,mod,100000,gaps,min,0
75,linear,20000027,mod,100000,gaps,avg,199.00027
75,linear,20000027,mod,100000,gaps,max,2469
75,linear,20000027,mod,1000000,insert,time_ns,64965600
75,linear,20000027,mod,1000000,insert,collisions,26455
75,linear,20000027,mod,1000000,insert,memory_bytes,104857640
75,linear,20000027,mod,1000000,search,time_ns,55784200
75,linear,20000027,mod,1000000,gaps,min,0
75,linear,20000027,mod,1000000,gaps,avg,19.000027
75,linear,20000027,mod,1000000,gaps,max,297
75,linear,20000027,mod,10000000,insert,time_ns,616091400
75,linear,20000027,mod,10000000,insert,collisions,4995786
75,linear,20000027,mod,10000000,insert,memory_bytes,104857640
75,linear,20000027,mod,10000000,search,time_ns,478868400
75,linear,20000027,mod,10000000,gaps,min,0
75,linear,20000027,mod,10000000,gaps,avg,1.0000027
75,linear,20000027,mod,10000000,gaps,max,31
76,linear,20000027,mul,100000,insert,time_ns,49404500
76,linear,20000027,mul,100000,insert,collisions,278
76,linear,20000027,mul,100000,insert,memory_bytes,104857640
76,linear,20000027,mul,100000,search,time_ns,19815100
76,linear,20000027,mul,100000,gaps,min,0
76,linear,20000027,mul,100000,gaps,avg,199.00027
76,linear,20000027,mul,100000,gaps,max,2293
76,linear,20000027,mul,1000000,insert,time_ns,219237900
76,linear,20000027,mul,1000000,insert,collisions,28937
76,linear,20000027,mul,1000000,insert,memory_bytes,104857640
76,linear,20000027,mul,1000000,search,time_ns,231763300
76,linear,20000027,mul,1000000,gaps,min,0
76,linear,20000027,mul,1000000,gaps,avg,19.000027
76,linear,20000027,mul,1000000,gaps,max,338
76,linear,20000027,mul,10000000,insert,time_ns,2135581100
76,linear,20000027,mul,10000000,insert,collisions,5304797
76,linear,20000027,mul,10000000,insert,memory_bytes,104861152
76,linear,20000027,mul,10000000,search,time_ns,2093573500
76,linear,20000027,mul,10000000,gaps,min,0
76,linear,20000027,mul,10000000,gaps,avg,1.0000027
76,linear,20000027,mul,10000000,gaps,max,34
77,linear,20000027,mix,100000,insert,time_ns,8989800
77,linear,20000027,mix,100000,insert,collisions,253
77,linear,20000027,mix,100000,insert,memory_bytes,104857640
77,linear,20000027,mix,100000,search,time_ns,5216900
77,linear,20000027,mix,100000,gaps,min,0
77,linear,20000027,mix,100000,gaps,avg,199.00027
77,linear,20000027,mix,100000,gaps,max,2157
77,linear,20000027,mix,1000000,insert,time_ns,57790100
77,linear,20000027,mix,1000000,insert,collisions,26741
77,linear,20000027,mix,1000000,insert,memory_bytes,104857640
77,linear,20000027,mix,1000000,search,time_ns,38385500
77,linear,20000027,mix,1000000,gaps,min,0
77,linear,20000027,mix,1000000,gaps,avg,19.000027
77,linear,20000027,mix,1000000,gaps,max,284
77,linear,20000027,mix,10000000,insert,time_ns,635647300
77,linear,20000027,mix,10000000,insert,collisions,5037502
77,linear,20000027,mix,10000000,insert,memory_bytes,104857640
77,linear,20000027,mix,10000000,search,time_ns,497581100
77,linear,20000027,mix,10000000,gaps,min,0
77,linear,20000027,mix,10000000,gaps,avg,1.0000027
77,linear,20000027,mix,10000000,gaps,max,31
78,doublehash,20000027,mod+dh,100000,insert,time_ns,9708500
78,doublehash,20000027,mod+dh,100000,insert,collisions,236
78,doublehash,20000027,mod+dh,100000,insert,memory_bytes,104857640
78,doublehash,20000027,mod+dh,100000,search,time_ns,4900900
78,doublehash,20000027,mod+dh,100000,gaps,min,0
78,doublehash,20000027,mod+dh,100000,gaps,avg,199.00027
78,doublehash,20000027,mod+dh,100000,gaps,max,2469
78,doublehash,20000027,mod+dh,1000000,insert,time_ns,60035400
78,doublehash,20000027,mod+dh,1000000,insert,collisions,25943
78,doublehash,20000027,mod+dh,1000000,insert,memory_bytes,104857640
78,doublehash,20000027,mod+dh,1000000,search,time_ns,63041300
78,doublehash,20000027,mod+dh,1000000,gaps,min,0
78,doublehash,20000027,mod+dh,1000000,gaps,avg,19.000027
78,doublehash,20000027,mod+dh,1000000,gaps,max,281
78,doublehash,20000027,mod+dh,10000000,insert,time_ns,784683400
78,doublehash,20000027,mod+dh,10000000,insert,collisions,3867562
78,doublehash,20000027,mod+dh,10000000,insert,memory_bytes,104857640
78,doublehash,20000027,mod+dh,10000000,search,time_ns,771608300
78,doublehash,20000027,mod+dh,10000000,gaps,min,0
78,doublehash,20000027,mod+dh,10000000,gaps,avg,1.0000027
78,doublehash,20000027,mod+dh,10000000,gaps,max,23
79,doublehash,20000027,mul+dh,100000,insert,time_ns,36144700
79,doublehash,20000027,mul+dh,100000,insert,collisions,272
79,doublehash,20000027,mul+dh,100000,insert,memory_bytes,104857640
79,doublehash,20000027,mul+dh,100000,search,time_ns,21524800
79,doublehash,20000027,mul+dh,100000,gaps,min,0
79,doublehash,20000027,mul+dh,100000,gaps,avg,199.00027
79,doublehash,20000027,mul+dh,100000,gaps,max,2293
79,doublehash,20000027,mul+dh,1000000,insert,time_ns,211214200
79,doublehash,20000027,mul+dh,1000000,insert,collisions,28496
79,doublehash,20000027,mul+dh,1000000,insert,memory_bytes,104857640
79,doublehash,20000027,mul+dh,1000000,search,time_ns,202794300
79,doublehash,20000027,mul+dh,1000000,gaps,min,0
79,doublehash,20000027,mul+dh,1000000,gaps,avg,19.000027
79,doublehash,20000027,mul+dh,1000000,gaps,max,338
79,doublehash,20000027,mul+dh,10000000,insert,time_ns,2328700100
79,doublehash,20000027,mul+dh,10000000,insert,collisions,4162035
79,doublehash,20000027,mul+dh,10000000,insert,memory_bytes,104857640
79,doublehash,20000027,mul+dh,10000000,search,time_ns,2292745200
79,doublehash,20000027,mul+dh,10000000,gaps,min,0
79,doublehash,20000027,mul+dh,10000000,gaps,avg,1.0000027
79,doublehash,20000027,mul+dh,10000000,gaps,max,22
80,doublehash,20000027,mix+dh,100000,insert,time_ns,12201500
80,doublehash,20000027,mix+dh,100000,insert,collisions,253
80,doublehash,20000027,mix+dh,100000,insert,memory_bytes,104857640
80,doublehash,20000027,mix+dh,100000,search,time_ns,8323300
80,doublehash,20000027,mix+dh,100000,gaps,min,0
80,doublehash,20000027,mix+dh,100000,gaps,avg,199.00027
80,doublehash,20000027,mix+dh,100000,gaps,max,2157
80,doublehash,20000027,mix+dh,1000000,insert,time_ns,62718000
80,doublehash,20000027,mix+dh,1000000,insert,collisions,26280
80,doublehash,20000027,mix+dh,1000000,insert,memory_bytes,104857640
80,doublehash,20000027,mix+dh,1000000,search,time_ns,53805700
80,doublehash,20000027,mix+dh,1000000,gaps,min,0
80,doublehash,20000027,mix+dh,1000000,gaps,avg,19.000027
80,doublehash,20000027,mix+dh,1000000,gaps,max,284
80,doublehash,20000027,mix+dh,10000000,insert,time_ns,783979100
80,doublehash,20000027,mix+dh,10000000,insert,collisions,3907872
80,doublehash,20000027,mix+dh,10000000,insert,memory_bytes,104857640
80,doublehash,20000027,mix+dh,10000000,search,time_ns,765112500
80,doublehash,20000027,mix+dh,10000000,gaps,min,0
80,doublehash,20000027,mix+dh,10000000,gaps,avg,1.0000027
80,doublehash,20000027,mix+dh,10000000,gaps,max,21
